id,type,question,options,correctAnswer,explanation
1,single_choice,"An IT director decides to change the team's objective from ""patching software"" to ""ensuring a secure digital workspace service"". This change is an example of:",Increasing technical silos.|Deprioritizing business goals.|Adopting a service-centric view.|Focusing on infrastructure.,2,"Hành động này thể hiện sự chuyển dịch từ công việc kỹ thuật đơn thuần ('patching software') sang góc nhìn lấy dịch vụ làm trung tâm ('service-centric view') nhằm mang lại giá trị cho người dùng."
2,single_choice,"An organization wants to implement ITSM, but its teams are using inconsistent processes, leading to confusion. What is the most significant benefit a framework like ITIL would offer?",It guarantees a reduction in IT costs by 50%.|It allows for more flexible and unstructured ways of working.|It provides a shared roadmap that clarifies processes and roles.|It is the only framework available for ITSM.,2,"Sử dụng một framework như ITIL giúp tiêu chuẩn hóa vận hành, cung cấp một định hướng chung (shared roadmap) giúp làm rõ quy trình và vai trò của các nhóm."
3,single_choice,An IT manager needs to analyze the root cause of several related service outages. Which core ServiceNow ITSM application would be most appropriate for this task?,Change Management|Service Catalog|Problem Management|Incident Management,2,"Problem Management là ứng dụng chịu trách nhiệm phân tích nguyên nhân gốc rễ (root cause) của các sự cố lặp lại để ngăn ngừa việc tái diễn trong tương lai."
4,single_choice,A new learner wants to practice building a new feature in ServiceNow without impacting any real business operations. The best tool for this would be:,A Personal Developer Instance (PDI).|The company's live production environment.|A PDF guide of ServiceNow features.|A user account with no administrative privileges.,0,"Personal Developer Instance (PDI) là môi trường thử nghiệm (sandbox) cá nhân giúp học viên thoải mái vọt vạch, lập trình và test tính năng mà không ảnh hưởng tới hệ thống thật (production)."
5,single_choice,"A new employee needs a laptop, access to specific software, and a company mobile phone. Which ServiceNow Service Catalog feature is best suited for this scenario?",A contextual search|An Order Guide|A Standard Item|A Record Producer,1,"Order Guide trong ServiceNow cho phép gom nhóm (bundle) nhiều vật tư/dịch vụ lẻ thành một luồng yêu cầu duy nhất dành cho các kịch bản như Onboarding nhân viên mới."
6,single_choice,"A company just recovered from a major system outage that was managed as a Major Incident. The incident manager needs to prepare a formal document for stakeholders that outlines the timeline, response, and what was documented in the ""Resolution Notes."" What is this document called?",The Service Level Agreement|The Major Incident Workbench|The Forward Schedule of Change|The Post Incident Report,3,"Báo cáo sau sự cố (Post Incident Report) là tài liệu chính thức tổng hợp diễn biến, timeline, cách xử lý và Resolution Notes sau khi khắc phục một Major Incident."
7,single_choice,"A Service Desk team notices that every Monday morning, several users submit incidents about being unable to access a specific application. What is the most appropriate next step according to Problem Management principles?",Create a Problem record to investigate the underlying root cause of the recurring issue.|Close each incident individually as soon as the user's access is restored.|Escalate each of the incidents to a different senior engineer.|Send an email to all users asking them not to use the application on Monday mornings.,0,"Khi xuất hiện nhiều Incident lặp đi lặp lại theo chu kỳ, nguyên tắc của Problem Management là tạo một Problem record để điều tra root cause triệt để."
8,single_choice,"An IT operations team regularly performs routine monthly reboots of non-critical development servers to apply minor security patches. These reboots are automated, follow a strict, documented procedure, and have never caused any service interruptions. Which change type should they use in ServiceNow for these reboots?",Normal Change|Major Change|Emergency Change|Standard Change,3,"Các thay đổi diễn ra định kỳ, rủi ro thấp, đã được phê duyệt trước (pre-approved) và tuân theo quy trình chuẩn hóa được phân loại là Standard Change."
9,single_choice,An application owner needs to perform a major upgrade to a critical database server next month. This action is not pre-approved and carries significant risk. What type of change should be created in ServiceNow?,A Retrospective Change|A Normal Change|A Standard Change|An Emergency Change,1,"Việc nâng cấp hệ thống quan trọng chưa được phê duyệt trước và có rủi ro cao đòi hỏi phải tuân theo quy trình đánh giá nghiêm ngặt của Normal Change."
10,single_choice,A product owner has five approved changes for their primary customer-facing application. They want to deploy all five changes together during the next maintenance window. This coordinated deployment is an example of:,A Problem|An Incident|A Service Request|A Release,3,"Release Management là quá trình đóng gói (bundling) nhiều approved changes để xây dựng, kiểm thử và triển khai đồng loạt cùng một lúc."
11,multiple_choice,Which of the following is a good policy to enforce on passwords? Check all that apply.,A short password length|A long password length|The use of common words|A mixture of symbols and numbers,1|3,"Chính sách mật khẩu mạnh cần đảm bảo độ dài (long password length) và kết hợp đa dạng các ký tự như chữ hoa, chữ thường, số và ký tự đặc biệt (mixture of symbols and numbers)."
12,multiple_choice,Which of the following are part of the hardware lifecycle? Check all that apply.,Deployment|Network Connectivity|Procurement|Retirement,0|2|3,"Vòng đời thiết bị phần cứng (Hardware lifecycle) bao gồm 4 giai đoạn chính: Mua sắm (Procurement), Triển khai (Deployment), Bảo trì (Maintenance), và Thu hồi/Thanh lý (Retirement)."
13,single_choice,_________ is the stage where hardware is purchased or re-used for any employee.,Purchased|Procurement|Deployment|Retirement,1,"Procurement (Mua sắm/Cung ứng) là giai đoạn đầu tiên trong hardware lifecycle, nơi thiết bị được thu mua hoặc cấp phát lại cho nhân viên."
14,single_choice,Vendor qualification and risk mitigation is a step of which phase of the contract vendor lifecycle?,Post-contract|Qualification|Pre-contract|Risk management,2,"Pre-contract (Tiền hợp đồng) là giai đoạn đánh giá năng lực và giảm thiểu rủi ro của nhà cung cấp trước khi chính thức ký kết hợp đồng."
15,multiple_choice,Which of the following are management steps of the vendor lifecycle?,Vendor information management and onboarding.|Performance management monitoring.|Vendor offboarding.|Contract analysis.,0|1|2,"Quy trình quản lý nhà cung cấp bao gồm: tiếp nhận và Onboarding (Pre-contract), giám sát hiệu suất (Contract delivery), và thanh lý Offboarding (Post-contract)."
16,multiple_choice,Whose responsibility might it be to form organizational computer and network policies? Select all that apply.,The sysadmin|Board of directors|Chief Security Officer|Chief Executive Officer,0|2|3,"Tùy quy mô doanh nghiệp, việc thiết lập chính sách IT/Network có thể do Sysadmin, Giám đốc an ninh thông tin (CSO), hoặc Giám đốc điều hành (CEO) đảm nhiệm."
17,multiple_choice,Which of these are common responsibilities of systems administrators? Check all that apply.,"Help users to pick the right desktop chair|Constantly troubleshoot problems, such as network issues|Work in the background to make sure a company's IT infrastructure is always working|Help users with issues, such as lost passwords and login problems",1|2|3,"Nhiệm vụ của Sysadmin bao gồm: vận hành hệ thống IT ổn định, hỗ trợ người dùng khắc phục sự cố tài khoản/đăng nhập, và xử lý các lỗi kỹ thuật/mạng."
18,single_choice,Which type of server most closely resembles a desktop computer in appearance?,Tower server|DNS server|Rack server|Blade server,0,"Tower server được thiết kế dưới dạng thùng đứng riêng lẻ, có ngoại hình tương tự như một máy tính để bàn (desktop PC) thông thường."
19,multiple_choice,Which of the following are server types that a sysadmin for a small company might manage? Select all that apply.,SSH|SSD|Email|VR,0|2,"SSH Server (dùng để quản trị từ xa) và Email Server là các loại máy chủ phổ biến mà Sysadmin quản lý. SSD là linh kiện phần cứng lưu trữ, VR là công nghệ thực tế ảo."
20,single_choice,"Which of these terms describe a facility that stores hundreds, if not thousands, of servers?",Web server|KVM switch|Data center|SSH server,2,"Data center (Trung tâm dữ liệu) là tòa nhà/nhà trạm chuyên dụng chứa hàng trăm đến hàng nghìn máy chủ và thiết bị hạ tầng IT."
21,multiple_choice,Which of the following are considerations when developing computer policies? (Choose all that apply),"Should users be able to decide the brightness of their monitor?|Should a password be set on an employee's company phone?|Should users be able to view non-work-related websites, like Facebook?|Should users be able to install software",1|2|3,"Chính sách sử dụng máy tính tập trung vào bảo mật và quyền hạn (mật khẩu, truy cập web, cài đặt phần mềm), không can thiệp vào cài đặt cá nhân như độ sáng màn hình."
22,single_choice,A user is setting their computer's hostname and username. In which stage of the hardware lifecycle does this scenario belong to?,Procurement|Maintenance|Retirement|Deployment,3,"Cấu hình tên máy (hostname), tạo tài khoản người dùng và cài đặt ban đầu thuộc giai đoạn Triển khai (Deployment)."
23,single_choice,"When a machine is having issues, an IT Support Specialist has to file an RMA, or Return Merchandise Authorization form, with the vendor of the machine. Which stage of the hardware lifecycle does this scenario belong to?",Retirement|Procurement|Maintenance|Deployment,2,"Gửi form RMA để sửa chữa hoặc đổi trả thiết bị bị lỗi trong quá trình sử dụng thuộc giai đoạn Bảo trì (Maintenance)."
24,single_choice,The IT department sets up a user account and software. Which stage of the hardware lifecycle does this situation belong to?,Retirement|Deployment|Procurement|Maintenance,1,"Cài đặt phần mềm và thiết lập tài khoản cho thiết bị mới cấp phát cho người dùng nằm trong giai đoạn Deployment."
25,single_choice,Which of the following is not one of the main stages of the hardware lifecycle?,Procurement|Deployment|Maintenance|Recycling,3,"4 giai đoạn chuẩn của hardware lifecycle gồm: Procurement, Deployment, Maintenance, và Retirement. Recycling (Tái chế) không nằm trong 4 giai đoạn chính này."
26,multiple_choice,Which of the following are considered part of the physical infrastructure service? Check all that apply.,Desktop|Laptop|Rack server|Operating systems,0|1|2,"Dịch vụ hạ tầng vật lý (Physical infrastructure) bao gồm các phần cứng vật lý như máy tính để bàn (Desktop), Laptop, và Rack server. Hệ điều hành là phần mềm."
27,multiple_choice,Which of the following are considered a network service? Check all that apply.,DNS|Wireless Internet|Email server|Blade server,0|1,"Network services bao gồm các dịch vụ liên quan đến kết nối và giao thức mạng như DNS (phân giải tên miền) và Wireless Internet (Wifi)."
28,single_choice,"Amazon Web Services, Linode, Windows Azure, and Google Compute Engine are examples of ________.",NaaS providers|IaaS Providers|Shopping places|Computer brands,1,"AWS, Azure, GCP, Linode là các nhà cung cấp dịch vụ hạ tầng dưới dạng dịch vụ (IaaS - Infrastructure as a Service), cho phép thuê máy chủ ảo."
29,multiple_choice,Which of the following are considered a software service? Check all that apply.,Word processors|Wireless Internet|Chat applications|Email applications,0|2|3,"Software services là các ứng dụng phần mềm được cung cấp cho người dùng như phần mềm soạn thảo, ứng dụng chat và ứng dụng email."
30,single_choice,What type of service is an all-in-one solution to building and deploying a web application?,PaaS|NaaS|IaaS|SaaS.,0,"PaaS (Platform as a Service) cung cấp trọn gói nền tảng (môi trường chạy code, cơ sở dữ liệu...) giúp lập trình viên phát triển và triển khai ứng dụng web dễ dàng."
31,single_choice,Which one of the following operating systems would be best suited for running a server?,Ubuntu Server|MacOS|Ubuntu|Windows 10,0,"Ubuntu Server là hệ điều hành được tối ưu hóa chuyên biệt cho máy chủ (loại bỏ giao diện đồ họa nặng nề, tập trung hiệu năng và độ ổn định)."
32,multiple_choice,Which of the following are benefits of virtualizing servers? Check all that apply.,Better performance than a dedicated server.|Better hardware resource utilization.|Low RAM memory requirement.|Easier maintenance.,1|3,"Ảo hóa máy chủ (Server Virtualization) giúp tối ưu hóa hiệu suất sử dụng phần cứng (Hardware utilization) và giúp việc bảo trì, quản lý dễ dàng hơn."
33,multiple_choice,Which of the following are ways that can be used to run services?,SSH|Virtualized instance on a server.|VPN|Dedicated hardware,1|3,"Các dịch vụ IT có thể được vận hành theo 2 cách chính: Chạy trực tiếp trên phần cứng riêng (Dedicated hardware) hoặc chạy trên máy chủ ảo (Virtualized instance)."
34,multiple_choice,Which of the following is needed in order to use SSH to connect to a machine? Check all that apply.,A VPN connection.|An SSH server on the machine you want to connect to.|An SSH client on the machine from which the connection begins.|A virtual server to connect to.,1|2,"Để kết nối SSH, máy bắt đầu kết nối cần có SSH Client và máy đích nhận kết nối phải đang bật SSH Server."
35,multiple_choice,Which of the following are samples of remote access tools? Select all that apply.,OpenSSH|WinRM|RDP|RAM,0|1|2,"OpenSSH (Linux), WinRM (Windows CLI), và RDP (Windows GUI) đều là các công cụ quản trị/truy cập máy tính từ xa. RAM là bộ nhớ trong."
36,single_choice,What is one benefit of using TFTP over SFTP?,Added security|Simpler transfer without authentication|The encrypted transfer of data|The user authentication requirement,1,"TFTP (Trivial FTP) truyền tải file đơn giản và nhanh chóng hơn vì không yêu cầu xác thực người dùng (authentication) như SFTP."
37,single_choice,What service can you use to keep time synchronized across the machines on your fleet?,FTP|Kerberos|NTP|SFTP,2,"NTP (Network Time Protocol) là giao thức dùng để đồng bộ thời gian chuẩn xác giữa tất cả các máy tính trong cùng mạng."
38,multiple_choice,What features does a proxy offer? Check all that apply.,Network privacy|Network traffic monitoring|Internet traffic filtering|The ability for employees to share information more easily,0|1|2,"Proxy server đóng vai trò trung gian giúp ẩn danh (privacy), giám sát lưu lượng (monitoring) và lọc/chặn các trang web không mong muốn (filtering)."
39,single_choice,"If you want to point a domain name to a web server or use hostnames within your company, what network protocol can you use?",DHCP|DNS|NTP|SFTP,1,"DNS (Domain Name System) được dùng để ánh ánh tên miền (domain name) hoặc tên máy (hostname) sang địa chỉ IP của web server."
40,single_choice,"If you don't want to use static IP addresses, but want to dynamically assign IP addresses to computers instead, what network protocol can you use?",TFTP|Kerberos|NTP|DHCP,3,"DHCP (Dynamic Host Configuration Protocol) tự động cấp phát địa chỉ IP động cho các thiết bị khi kết nối vào mạng."
41,single_choice,Google's GSuite (now called Google Workspace) is an example of which Cloud service?,Infrastructure as a Service (IaaS)|Platform as a Service (PaaS)|Software as a Service (SaaS)|Directory as a Service (DaaS),2,"Google Workspace cung cấp các ứng dụng văn phòng trực tiếp cho người dùng qua web, đây là mô hình Phần mềm dưới dạng dịch vụ (SaaS)."
42,multiple_choice,Which of the following are cons that come from using a Cloud Service? Select all that apply.,The need to depend on a provider for service|Recurring cost|A simplified user interface|Having to purchase expensive networking hardware,0|1,"Nhược điểm khi dùng Cloud là phải phụ thuộc vào nhà cung cấp (Vendor lock-in/Dependency) và phát sinh chi phí duy trì hàng tháng/năm (Recurring cost)."
43,multiple_choice,Which of the following are typically included with server operating systems to help optimize server functionality? Select all that apply.,More RAM capacity|A simplified user interface|Allow more network connections|Added security,0|2|3,"Hệ điều hành máy chủ được tối ưu để hỗ trợ dung lượng RAM lớn hơn, chịu tải nhiều kết nối mạng đồng thời hơn và tăng cường các tính năng bảo mật."
44,single_choice,You are setting up a website for your company. You have purchased a domain name for the site and have decided to host your web content yourself. What might you need to set up to point your new domain name to where web content is located?,A VNC client|An authoritative DNS server|A proxy server|A TFTP server,1,"Authoritative DNS Server là máy chủ DNS nắm giữ bản ghi gốc (như A record) để trỏ tên miền của bạn về đúng địa chỉ IP máy chủ web."
45,single_choice,What does DHCP do?,DHCP sets up an authoritative DNS server a network.|DHCP keeps the clock synchronized on machines connected to a network.|DHCP assigns IP addresses to computers on a network.|DHCP maps domain names to IP addresses.,2,"DHCP có nhiệm vụ tự động cấu hình và cấp phát địa chỉ IP cho các máy tính trong mạng."
46,single_choice,You’re an IT Support Specialist who has just made some updates to a running service’s configuration files. How can you update the service’s configuration without interrupting the service?,start the service|restart the service|reload the service|stop then start the service,2,"Thực hiện Reload dịch vụ sẽ buộc dịch vụ đọc lại file cấu hình mới mà không cần phải tắt/khởi động lại process, giúp không ngắt kết nối của người dùng."
47,single_choice,"You’re an IT Support Specialist and you’re trying to make changes to DNS with dnsmasq. However, you’re running into some issues and you want to troubleshoot your setup. In which mode should you run dnsmasq?",troubleshoot|flag|query|debug,3,"Chạy dnsmasq ở chế độ Debug mode sẽ xuất chi tiết các dòng log hệ thống, hỗ trợ hiệu quả cho việc tìm và sửa lỗi (troubleshooting)."
48,single_choice,Complete the Qwiklab Service Management in Linux before answering this question. You check the status of the cups service on a Linux machine. What status would be printed if the service is active?,cupsd is running.|cupsd is active.|cupsd OK.|running,0,"Trong Linux, khi kiểm tra trạng thái dịch vụ in ấn CUPS đang hoạt động, lệnh sẽ trả về thông báo 'cupsd is running.'"
49,single_choice,Complete the Qwiklab Service Management in Windows before answering this question. You want to stop the Themes service of a Windows machine. How can you stop this service from the Windows GUI?,"Navigate to the Services menu, scroll through the services to find Themes, right-click Themes, and select Pause from the dropdown menu.|Navigate to the Services menu, scroll through the services to find Themes, and select Stop from the dropdown menu.|Navigate to the Performance menu, scroll through the services to find Themes, right-click Themes, and select Interrupt from the dropdown menu.|Navigate to the Services menu, scroll through the services to find Themes, right-click Themes, and select Stop from the dropdown menu.",3,"Để dừng dịch vụ qua giao diện Windows GUI: Mở cửa sổ Services -> tìm dịch vụ Themes -> click chuột phải và chọn Stop."
50,single_choice,Complete the Qwiklab Service Management in Windows before answering this question. You want to install some web-serving features that are available on a Windows system but are not currently installed. What kind of PowerShell CLI do you need to have open to run the commands that enable these features?,guest user PowerShell CLI|power user PowerShell CLI|normal user PowerShell CLI|administrator PowerShell CLI,3,"Việc cài đặt thêm tính năng/Role hệ thống trên Windows bắt buộc phải mở PowerShell dưới quyền Administrator (Administrator PowerShell CLI)."
51,multiple_choice,What are some communication services you can utilize in your organization? Check all that apply.,Email|Chat applications|DNS|Phones,0|1|3,"Các dịch vụ giao tiếp (Communication services) trong doanh nghiệp bao gồm: Email, ứng dụng nhắn tin (Chat apps) và hệ thống điện thoại (Phones)."
52,multiple_choice,What's the difference between POP3 and IMAP? Check all that apply.,POP3 can only download email to one local device.|IMAP can only download email to one local device.|POP3 is used for sending emails.|IMAP can download emails onto multiple devices.,0|3,"POP3 tải email về một thiết bị duy nhất và thường xóa trên server; trong khi IMAP đồng bộ email trên nhiều thiết bị khác nhau."
53,single_choice,True or false: Commercial-use and personal-use software licenses are essentially the same thing.,True|False,1,"Sai (False). Bản quyền phần mềm dùng cho thương mại (Commercial) và cá nhân (Personal) có điều khoản pháp lý và chi phí hoàn toàn khác nhau."
54,multiple_choice,What are the differences between TLS and SSL? Check all that apply.,TLS is the successor to SSL.|TLS is more secure than SSL.|SSL is more secure than TLS.|SSL is the successor to TLS.,0|1,"TLS là phiên bản kế thừa tiên tiến hơn của SSL, cung cấp khả năng mã hóa và độ bảo mật cao hơn SSL."
55,single_choice,What is the name of a protocol that lets users share files over a network?,Apache|DNS|CUPS|NFS,3,"NFS (Network File System) là giao thức truyền tải cho phép chia sẻ file giữa các máy tính trong cùng mạng nội bộ."
56,multiple_choice,Which two of these methods could you use to set up printing in an organization?,Setting up a print server|Using MySQL|Using FAT32|Using a Cloud service to set up printers,0|3,"Để triển khai hệ thống in ấn trong doanh nghiệp, bạn có thể dựng máy chủ in (Print server) hoặc dùng giải pháp in ấn đám mây (Cloud print service)."
57,single_choice,"When you have a web server, what service is used to enable HTTP requests to be processed?",The web server|An HTTP server|A database server|HTTP status codes,1,"HTTP server (ví dụ như Apache, Nginx) là thành phần phần mềm chịu trách nhiệm tiếp nhận và xử lý các yêu cầu HTTP Request từ trình duyệt."
58,single_choice,Fill in the blank: You can use a(n) _______________to store large amounts of customer data for a website.,DNS server|NFS server|database server|HTTP server,2,"Database server (như MySQL, PostgreSQL) là dịch vụ chuyên dùng để lưu trữ và quản lý dữ liệu cấu trúc khối lượng lớn của website."
59,single_choice,"What is software that can modify, steal or delete data, and is a threat to the practice of BYOD (Bring Your Own Device)?",Malware|MDM software|DLP software|MFA software,0,"Malware (mã độc) là phần mềm độc hại có thể chỉnh sửa, đánh cắp hoặc xóa dữ liệu, gây nguy cơ bảo mật lớn cho mô hình BYOD."
60,single_choice,"HTTP status codes that begin with 4xx, like 404, indicate:",Client-side errors|Redirections|Server-side errors|Nowhere; these codes are successful,0,"Mã trạng thái 4xx (như 404 Not Found) báo hiệu lỗi từ phía khách hàng/người dùng (Client-side errors) như nhập sai đường dẫn."
61,single_choice,"HTTP status codes that begin with 5xx, like 501, indicate:",Client-side errors|Nowhere; these codes are successful|Server-side errors|Redirections,2,"Mã trạng thái 5xx (như 500 Internal Server Error) báo hiệu sự cố phát sinh từ phía máy chủ (Server-side errors)."
62,single_choice,What are tools that are built into browsers to help diagnose issues with the browsers?,Developer tools|HTTP web servers|Database servers|Platform services,0,"Developer tools (Công cụ dành cho nhà phát triển) được tích hợp sẵn trên trình duyệt để kiểm tra cấu trúc web, debug và chẩn đoán lỗi."
63,single_choice,What do HTTP status codes beginning with 2xx indicate?,Client-side errors|Redirection|Successful request|Server-side errors,2,"Mã trạng thái 2xx (như 200 OK) đại diện cho yêu cầu HTTP được gửi và xử lý thành công (Successful request)."
64,single_choice,Which of these leads to a 404 error?,"You accidentally type in the wrong readable name, and you get to a different site than you wanted.|You type in the human readable name for a site that no longer exists.|You type in the URL of a site instead of the human readable name (something ending with.com, .edu or any dot ending).|You type in a good address or readable name for a site, but the server holding the site is having problems.",1,"Lỗi 404 Not Found xuất hiện khi bạn truy cập vào một địa chỉ URL/trang web không tồn tại hoặc đã bị xóa."
65,multiple_choice,Which of the following are popular paid-for options for setting up IM services for your organization? Select all that apply.,Slack|IMAP|XMPP|HipChat,0|3,"Slack và HipChat là các ứng dụng nhắn tin tức thời (Instant Messaging) trả phí phổ biến dành cho doanh nghiệp."
66,single_choice,"Which email protocol is capable of sending emails?","IMAP|MX DNS|POP3|SMTP",3,"SMTP (Simple Mail Transfer Protocol) là giao thức chuẩn duy nhất được sử dụng để gửi email."
67,multiple_choice,"Which of the following statements is true about cloud software services? Select all that apply.","When setting up cloud services for your company, you might need to purchase added features for businesses and enterprises.|There are no stipulations (licensing agreements) on how cloud services software is used.|There are never limits on who can use cloud services software.|Software used as a business is usually different from software used as a consumer.",0|3,"Dịch vụ cloud cho doanh nghiệp thường yêu cầu mua thêm các tính năng nâng cao (enterprise features) và phần mềm dùng cho doanh nghiệp thường có sự khác biệt so với phiên bản cá nhân."
68,single_choice,"If you manage an organization's website on a server, how do you enable TLS on the server so that the site can use HTTPS?","Type HTTPS in your site URL instead of just HTTP|Enable SSL version 2.0 on your web server|Install a digital certificate of trust on your web server|Reinstall your server OS and agree to a special licensing agreement",2,"Để kích hoạt TLS và chạy HTTPS, bạn cần cài đặt một chứng chỉ số tin cậy (digital certificate of trust / SSL certificate) trên web server."
69,single_choice,"If you don't want to set up your own dedicated hardware to use for network file storage, what are your other options?","Set up an HTTP server|Set up a NAS|Use a database server|Use a cloud file storage provider",3,"Sử dụng nhà cung cấp lưu trữ đám mây (cloud file storage provider) giúp lưu trữ file qua mạng mà không cần tự trang bị thiết bị phần cứng riêng."
70,multiple_choice,"Which file system protocols are intended for network use? Select all that apply.","NFS|SMB|Fat32|HTTPS",0|1,"NFS (Network File System) và SMB (Server Message Block) là hai giao thức hệ thống tệp mạng chuyên dùng để chia sẻ file giữa các máy tính."
71,multiple_choice,"Company B is setting up commercial printing services on their network. Which of these are advantages of centrally managed commercial printers? Select all that apply.","It allows the ability to deploy printer driver software so that your users can print from their computers|It provides a central interface to collect diagnostic reports, such as low toner levels|Physically distant printers can be more easily managed|Printers can be managed one at a time",0|1|2,"Quản lý máy in tập trung giúp tự động triển khai driver, theo dõi báo cáo chẩn đoán (như hết mực) và dễ dàng quản lý máy in ở các vị trí địa lý khác nhau."
72,multiple_choice,"Which statements are true about setting up a web server? Select all that apply.","Web server setup does not require DNS|DNS needs to be set up to allow outside access to the server via the Internet|Web content is stored on the server's localhost|Apache is the most used web server on the Web",1|2|3,"Cần có DNS để người dùng ngoài Internet truy cập web server, nội dung web lưu trực tiếp trên localhost của server, và Apache là một trong những web server phổ biến nhất."
73,multiple_choice,"Which of these are examples of database software? Select all that apply.","CUPS|Apache|PostgreSQL|MySQL",2|3,"PostgreSQL và MySQL là các hệ quản trị cơ sở dữ liệu (database software). CUPS là dịch vụ in ấn, Apache là web server."
74,single_choice,"When a website is having issues on the server side, what number does the HTTP status code start with?","6xx|4xx|2xx|5xx",3,"Mã trạng thái HTTP bắt đầu bằng 5xx (như 500 Internal Server Error) báo hiệu lỗi phát sinh từ phía máy chủ (server-side errors)."
75,single_choice,"What does a directory server provide?","A network time service.|A real-time communication service.|A replication service.|A lookup service for an organization.",3,"Directory Service cung cấp dịch vụ tra cứu (lookup service) giúp người dùng và hệ thống tìm kiếm thông tin về tài nguyên mạng cũng như địa chỉ của chúng trong tổ chức."
76,multiple_choice,"What benefits does replication provide? Check all that apply.","Virtualization|Decreased latency|Redundancy|Enhanced security",1|2,"Tính năng Replication (nhân bản) trong Directory Server giúp tạo tính dự phòng (Redundancy) bằng nhiều bản sao dữ liệu, đồng thời giảm độ trễ (Decreased latency) khi khách hàng truy vấn."
77,single_choice,"What is the most popular directory services protocol used today?","Directory Access Protocol|Directory Operational Binding Management Protocol|Directory System Protocol|Lightweight Directory Access Protocol",3,"LDAP (Lightweight Directory Access Protocol) là giao thức Directory Service phổ biến và được sử dụng rộng rãi nhất hiện nay."
78,single_choice,"Active Directory is the LDAP implementation for _______________.","MAC|Linux|Ubuntu|Microsoft",3,"Active Directory (AD) là bản triển khai giao thức LDAP do Microsoft phát triển dành cho hệ điều hành Windows."
79,single_choice,"The containers in a Directory Service are referred to as _______________.","organized structure|user accounts|organizational units (OUs)|subfolders",2,"Trong Directory Service, các container chứa đối tượng hoặc các thư mục con được gọi là Organizational Units (OUs)."
80,multiple_choice,"Which of these are examples of centralized management? Check all that apply.","Role-based access control|Centralized configuration management|Copying configurations to various systems|Local authentication",0|1,"Quản lý tập trung (Centralized management) bao gồm phân quyền theo vai trò (Role-based access control) và quản lý cấu hình tập trung (Centralized configuration management) từ một điểm duy nhất."
81,multiple_choice,"Which of these are components of an LDAP entry? Check all that apply.","Uncommon Name|Common Name|Organizational User|Distinguished Name",1|3,"Một LDAP entry bao gồm Common Name (CN - mô tả đối tượng) và Distinguished Name (DN - tên định danh duy nhất của entry)."
82,single_choice,"What does the LDAP Bind operation do?","Modifies entries in a directory server|Looks up information in a directory server|Authenticates a client to the directory server|Changes the password for a user account on the directory server",2,"Thao tác Bind trong LDAP dùng để xác thực (Authenticate) Client với Directory Server."
83,multiple_choice,"Which of the following are authentication types supported by the LDAP Bind operation? Check all that apply.","Anonymous|Simple|Complex|SASL",0|1|3,"Thao tác LDAP Bind hỗ trợ 3 cơ chế xác thực: Anonymous (vô danh), Simple (mật khẩu văn bản thuần), và SASL (xác thực bảo mật)."
84,multiple_choice,"Which of the following are services provided for the Directory Services?","Local authentication|Authorization|Centralized Authentication|Accounting",1|2|3,"Directory Services cung cấp mô hình dịch vụ AAA gồm Centralized Authentication (xác thực tập trung), Authorization (phân quyền) và Accounting (ghi log/kế toán)."
85,single_choice,"What is the difference between a policy and a preference?","A policy can be modified by a local user, while a preference is enforced by AD.|They are the exact same thing.|A policy is used to set a preference.|A policy is enforced by AD, while a preference can be modified by a local user.",3,"Policy là thiết lập bắt buộc được Active Directory áp dụng định kỳ, trong khi Preference là thiết lập mặc định mà người dùng cục bộ có thể thay đổi được."
86,single_choice,"Select the right order of enforcement of GPOs:","OU --> Domain --> Site|Domain --> Site --> OU|Site --> Domain --> OU|Site --> OU --> Domain",2,"Thứ tự áp dụng GPO theo quy tắc LSDOU là: Local -> Site -> Domain -> Organizational Unit (OU). Policy áp dụng sau sẽ ghi đè policy trước."
87,single_choice,"What can be used to determine what policies will be applied to a given machine?","gpupdate|A control panel|An RSOP report|A test domain",2,"Báo cáo RSOP (Resultant Set of Policy) dùng để kiểm tra chi tiết các chính sách GPO thực tế sẽ được áp dụng lên một máy tính."
88,multiple_choice,"Which of the following could prevent logging into a domain-joined computer? Check all that apply.","Your computer is connected to Wifi|Unable to reach the domain controller|The user account is locked|The time and date are incorrect",1|2|3,"Không kết nối được Domain Controller, tài khoản bị khóa, hoặc thời gian hệ thống bị lệch (lỗi Kerberos clock sync) sẽ ngăn cản đăng nhập vào máy thuộc Domain."
89,single_choice,"How does a client discover the address of a domain controller?","It makes a DNS query, asking for the SRV record for the domain|It sends a broadcast to the local network|It is provided via DHCP|It is pushed via an AD GPO",0,"Client tìm kiếm địa chỉ của Domain Controller bằng cách thực hiện truy vấn DNS để hỏi bản ghi SRV record của Domain."
90,single_choice,"How are things organized in a directory server?","By a hierarchical model of objects and containers|By a series of nested groups|By a relational database structure|By a flat text file",0,"Directory Server tổ chức dữ liệu theo mô hình cấu trúc cây phân cấp (Hierarchical model) gồm các Container và đối tượng (Objects)."
91,multiple_choice,"Which of the following are examples of Lightweight Directory Access Protocol (LDAP)-based directory server software? (Choose all that apply)","ADUC|OpenLDAP|Microsoft's Active Directory|RDP",1|2,"OpenLDAP và Microsoft's Active Directory là các phần mềm Directory Server chạy trên nền tảng giao thức LDAP."
92,multiple_choice,"What roles does a directory server play in centralized management? (Choose all that apply)","Confidentiality|Centralized authentication|Authorization|Accounting",1|2|3,"Directory Server đóng vai trò trung tâm trong mô hình AAA: Centralized Authentication, Authorization và Accounting."
93,single_choice,"A Lightweight Directory Access Protocol (LDAP) entry reads as follows: dn: CN=John Smith ,OU=Sysadmin,DC=jsmith,DC=com. What is the organizational unit of this entry?","jsmith|CN=John Smith ,OU=Sysadmin,DC=jsmith,DC=com|John Smith|Sysadmin",3,"Trong cú pháp LDAP Distinguished Name, ký hiệu OU viết tắt cho Organizational Unit, ở đây giá trị của OU là 'Sysadmin'."
94,multiple_choice,"Which of the following are ways to authenticate to an LDAP server? (Choose all that apply)","SASL|Anonymous bind|Simple bind|PGP",0|1|2,"Các phương thức xác thực Bind tới LDAP Server bao gồm: Anonymous bind, Simple bind và SASL."
95,multiple_choice,"In Active Directory, which of the following can be functions of the Domain? (Choose all that apply)","A DNS server|A server that holds a replica of the Active Directory database|A container|A Kerberos authentication server",0|1|3,"Domain Controller trong Active Directory đóng vai trò làm DNS Server, lưu trữ bản sao AD Database, và làm máy chủ xác thực Kerberos."
96,multiple_choice,"Which of these statements are true about Domain Controllers (DCs)? (Choose all that apply)","Delegation can be used in Active Directory.|The default Organizational Unit (OU), called Domain Controllers, contains all Domain Controllers in the domain.|Changes that are safe to be made by multiple Domain Controllers at once are tasked by granting them Flexible Single-Master Operations.|Always use the Domain Admin or Enterprise Admin for day-to-day use.",0|1,"Delegation cho phép phân quyền trên từng OU cụ thể và tất cả các DC mặc định nằm trong OU 'Domain Controllers'. FSMO chỉ dành cho nhiệm vụ Single-Master, không dùng admin tổng cho công việc hàng ngày."
97,multiple_choice,"Which of these statements are true about managing through Active Directory? (Choose all that apply)","Distribution groups can be used to assign permission to resources.|Domain Local, Global, and Universal are examples of group scopes.|The default group's Domain Users and Domain Admins are security groups.|ADAC uses PowerShell.",1|2|3,"Domain Local, Global, Universal là các Group Scope; Domain Users/Admins là Security Group; và công cụ ADAC thực thi lệnh PowerShell ở nền bên dưới."
98,single_choice,"When there are conflicting GPOs, what is the order in which they are evaluated and applied?","OU, Domain, Site|Site, Domain, OU|Site, OU, Domain|OU, Site, Domain",1,"Thứ tự đánh giá và áp dụng GPO là Site -> Domain -> OU (LSDOU), chính sách áp dụng sau cùng (OU) sẽ ghi đè các chính sách trước."
99,single_choice,"You'd like to change the minimum password length policy in the Default Domain Policy group policy preference (GPO). What's the best way to go about doing this?","Open the Group Policy Management Console by running gpmc.msc from the CLI|Edit the Windows Registry to change group policy settings|Open ADAC and edit policy settings there|Manually edit config files in SYSVOL",0,"Sử dụng lệnh gpmc.msc để mở Group Policy Management Console là cách chuẩn nhất để chỉnh sửa chính sách GPO."
100,multiple_choice,"How can you recover from an unexpected data loss event? Select all that apply.","Recover data from damaged devices|Write a post-mortem report|Restore data from backups|Design a disaster recovery plan",0|2,"Khi mất dữ liệu, bạn có thể khôi phục từ bản sao lưu (Backups) hoặc dùng phần mềm chuyên dụng phục hồi dữ liệu từ thiết bị hỏng."
101,single_choice,"What is the best way to physically store backups?","In a safe|On-site|Across multiple locations|Off-site",2,"Lưu trữ bản sao lưu ở nhiều vị trí địa lý khác nhau (Across multiple locations) giúp giảm thiểu tối đa rủi ro mất mát dữ liệu."
102,multiple_choice,"Which of these should be included in your organization's backups? Select all that apply.","Family vacation photos|A downloads folder|Firewall configurations|Sales databases",2|3,"Các dữ liệu quan trọng của tổ chức như cấu hình Firewall và cơ sở dữ liệu (Sales databases) bắt buộc phải nằm trong kế hoạch Backup."
103,single_choice,"What's magnetic tape backup media best suited for?","Long-term archival data|Quick and efficient backups|Cheap backup systems|Low-latency cached data",0,"Băng từ (Magnetic tape) có chi phí rẻ nhưng tốc độ truy xuất chậm, rất phù hợp cho lưu trữ dữ liệu lâu dài (Long-term archival data)."
104,multiple_choice,"Why is it important to test backups and restoration procedures? Select all that apply.","To prove the system is flawless and the IT team deserves a pay raise.|To ensure backups work and data can be restored from them|To ensure that relevant data is included in the backups|To reduce the size of backup data",1|2,"Thử nghiệm quy trình khôi phục giúp đảm bảo dữ liệu quan trọng đã được Backup đầy đủ và có thể phục hồi thành công khi xảy ra sự cố."
105,single_choice,"Which of the following backup types are most space-efficient?","Full backups|Incremental backups|Differential backups",1,"Incremental backups tối ưu dung lượng nhất vì chỉ sao lưu những phần dữ liệu thay đổi so với lần sao lưu gần nhất."
106,multiple_choice,"What elements should a disaster recovery plan cover? Select all that apply.","Recovery measures|Drastic measures|Detection measures|Preventative measures",0|2|3,"Một kế hoạch Disaster Recovery toàn diện phải bao gồm: biện pháp phòng ngừa (Preventative), biện pháp phát hiện (Detection) và biện pháp khôi phục (Recovery)."
107,single_choice,"Why are detection measures included in a disaster recovery plan?","Because it's important to know when a disaster occurs|Because they make recovering from data loss easier|Because they prevent data loss|They aren't",0,"Biện pháp phát hiện (Detection measures) giúp nhận biết sự cố kịp thời ngay khi nó xảy ra để có hành động ứng phó nhanh nhất."
108,single_choice,"What are preventative measures?","Measures that are enacted after a disaster has occurred.|Measures that cover any procedures or systems in place that will proactively minimize the impact of a disaster.|Redundant systems|Measures that are meant to alert you and your team that a disaster has occurred that can impact operations.",1,"Biện pháp phòng ngừa (Preventative measures) là các quy trình, hệ thống được chủ động thiết lập trước sự cố nhằm giảm thiểu tối đa thiệt hại."
109,multiple_choice,"What are good detection measures to incorporate in your organization? Select all that apply.","System performance monitoring|Redundant power supplies|Backing up firewall rules|Environmental monitoring",0|3,"Giám sát hiệu năng hệ thống (System performance monitoring) và giám sát môi trường phòng máy (Environmental monitoring) là các biện pháp phát hiện sự cố hữu hiệu."
110,multiple_choice,"What are good recovery measures to incorporate in your organization? Select all that apply.","Restoring server configs from backup|Maintaining redundant servers|Following detailed recovery plan documentation|Monitoring for internet line outages",0|2,"Khôi phục cấu hình server từ bản Backup và tuân thủ tài liệu hướng dẫn khôi phục là các biện pháp Recovery tiêu chuẩn."
111,single_choice,"What's the main purpose of writing a post-mortem?","To assign blame for mistakes|To assign legal liability|To scare people into avoiding risky behavior|To learn from mistakes and how to improve in the future",3,"Mục đích chính của việc viết báo cáo Post-mortem là rút kinh nghiệm từ sai lầm và cải thiện hệ thống trong tương lai, không nhằm mục đích đổ lỗi."
112,multiple_choice,"What should the timeline in a post-mortem include? Check all that apply.","Actions taken before, during, and after the event|A detailed analysis of the incident, including root cause and scope|A summary of the incident and how long it lasted|Detailed dates and times",0|3,"Phần Timeline trong Post-mortem cần ghi rõ các mốc ngày giờ chi tiết cùng các hành động đã thực hiện trước, trong và sau sự cố."
113,single_choice,"What is one aspect of post-mortems that are often overlooked?","What went well|The summary|Timelines|What went wrong",0,"Khía cạnh thường bị bỏ qua trong Post-mortem là ghi nhận những điều đã làm tốt ('What went well') để phát huy hiệu quả bảo vệ hệ thống."
114,single_choice,"What is the next step after writing a post-mortem report?","Nothing, there are no additional steps after writing the report|Share the report with other people on your team and/or other teams|Do not disclose the report to anyone|Destroy the report",1,"Sau khi viết xong Post-mortem, bước tiếp theo là chia sẻ báo cáo cho team và các bộ phận khác để cùng học hỏi kinh nghiệm."
115,single_choice,"What does the summary section of a post-mortem cover?","Description of the incident, how long it lasted, the impact of the incident, and how it was fixed.|Opening catchphrase and witty remarks to introduce the topic|Description of the incident|list of specific actions that should be taken to avoid the same scenario from happening again.",0,"Phần tóm tắt (Summary) của Post-mortem khái quát: sự cố là gì, kéo dài bao lâu, mức độ ảnh hưởng và cách thức đã khắc phục."
116,single_choice,"The unthinkable happens and disaster strikes, crippling your network. You implement your disaster plan, but it doesn't go smoothly. You decide to investigate. What is a common term in the IT community for this investigation?","Post-disaster inquiry|Post-mortem|Recovery inspection probe|After-outage analysis",1,"Post-mortem (báo cáo phân tích sau sự cố) là thuật ngữ phổ biến trong ngành IT dùng để điều tra và phân tích những gì đã diễn ra sau thảm họa/sự cố mạng."
117,single_choice,"Which of the following is an advantage of off-site backups?","There is less bandwidth usage|There is quicker data access|Data is safe in case of disaster|Data is more secure because of less outbound traffic",2,"Ưu điểm lớn nhất của Off-site backup (sao lưu ngoài cơ sở) là giữ cho dữ liệu an toàn ngay cả khi cơ sở chính gặp thảm họa tự nhiên hoặc hỏa hoạn."
118,single_choice,"What's the optimal recommended backup storage strategy?","Tape backups|On-site backups|A combination of on-site and off-site backups|Off-site backups",2,"Chiến lược sao lưu tối ưu nhất là kết hợp giữa On-site backup (để khôi phục nhanh) và Off-site backup (để chống lại rủi ro thảm họa vật lý)."
119,single_choice,"While not a substitute for a backup, which storage solution uses multiple disks to provide redundancy against disk failure and can increase capacity?","RAID array|Differential backups|Incremental backup|Complete backup",0,"Mảng RAID (RAID array) kết hợp nhiều ổ đĩa cứng để tăng dung lượng và cung cấp tính dự phòng (redundancy) chống hỏng ổ đĩa, nhưng không thể thay thế cho Backup hoàn toàn."
120,single_choice,"Which backup type is the most time-efficient and storage-efficient because it only records changes made since the most recent backup?","Complete backup|RAID array|Incremental backup|Differential backups",2,"Incremental backup tiết kiệm thời gian và dung lượng lưu trữ nhất vì chỉ ghi lại các thay đổi phát sinh so với lần Backup gần nhất."
121,multiple_choice,"Which of the following are advantages of cloud storage services? Select all that apply.","They make it easy for users to configure what files or folders they want to backup.|They allow everyone to access a person's files|Users can sync and backup files across platforms and devices.|User backups don't require complicated scheduling.",0|2|3,"Dịch vụ lưu trữ Cloud giúp người dùng dễ dàng chọn thư mục sao lưu, đồng bộ hóa đa nền tảng/thiết bị và tự động hóa quá trình Backup mà không cần lập lịch phức tạp."
122,multiple_choice,"What are the goals of a disaster recovery plan? Select all that apply.","To prevent significant data loss|To prevent disasters from impacting operations|To keep system downtimes to a minimum|To predict disasters before they happen",0|1|2,"Mục tiêu của Disaster Recovery Plan là ngăn ngừa mất mát dữ liệu nghiêm trọng, hạn chế tối đa tác động của thảm họa tới vận hành và giảm thời gian ngưng hoạt động (system downtime)."
123,multiple_choice,"You are performing a network risk assessment to develop your disaster recovery plan. Which of these are examples of detection measures? Select all that apply.","Testing knowledge and readiness for disaster|Conducting regular, automated backups|Monitoring system testing|Using an alert system for outages",2|3,"Biện pháp phát hiện (Detection measures) bao gồm hệ thống cảnh báo gián đoạn (alert system for outages) và giám sát hệ thống (monitoring system) nhằm phát hiện sự cố kịp thời."
124,multiple_choice,"What are some benefits of a post-mortem? Select all that apply.","To understand the cause of mistakes and how to prevent them|To learn from and adapt processes for higher efficiency|To foster a culture where it's OK to make mistakes|To punish mistakes",0|1|2,"Báo cáo Post-mortem giúp tìm ra nguyên nhân sai sót để phòng tránh, cải tiến quy trình làm việc hiệu quả hơn và xây dựng văn hóa làm việc tích cực, không đổ lỗi trong tổ chức."
125,multiple_choice,"Which of the following are part of the five primary elements that make up a post-mortem report? Select all that apply.","Backup procedures|A description of root causes|A list of specific actions that should be taken to avoid the same scenario from happening again|An accounting of financial costs associated with preventative systems",1|2,"Thành phần chính của một báo cáo Post-mortem chuẩn bao gồm việc phân tích chi tiết nguyên nhân gốc rễ (root cause) và đề xuất danh sách các hành động khắc phục cụ thể để tránh lặp lại sự cố."
126,single_choice,"Select the correct statement regarding the Agile approach:","Agile development follows a consistent plan that is set at the start of the project.|Agile is intended only for software development.|The Agile planning method is command and control.|Any project can be managed in an Agile fashion.",3,"Agile là một tư duy và phương pháp quản lý linh hoạt, có thể ứng dụng cho bất kỳ loại dự án nào chứ không chỉ giới hạn trong phát triển phần mềm."
127,single_choice,"The Waterfall approach relies on phases such as","Designing, coding, and testing|Pair negotiations, unit testing, and simplicity|Analyzing problems, clarifying processes, and implementing changes|Visualization, work in progress, and tracking flow",0,"Mô hình Waterfall (thác nước) quản lý dự án theo các giai đoạn tuyến tính truyền thống tuần tự: Thiết kế (Designing), Lập trình (Coding), và Kiểm thử (Testing)."
128,single_choice,"Which answer describes a core principle of Kanban?","Courage to speak realistically.|Taking personal responsibility for removing blockers.|Visualization of work.|Complete design and coding before testing.",2,"Trực quan hóa công việc (Visualization of work) thông qua bảng Kanban là nguyên tắc cốt lõi giúp nhóm dễ dàng theo dõi dòng chảy công việc (Work in progress)."
129,single_choice,"Which answer best describes behavior driven development?","Thinking about the user interface and experience|Behavior of a system from the inside out|Writing the test cases for the code you wish you had|Uses a list of features that customers want",1,"Behavior Driven Development (BDD) tập trung vào việc mô tả và kiểm thử hành vi của hệ thống từ trong ra ngoài dựa trên góc nhìn người dùng."
130,single_choice,"Which statement best describes minimum viable product (MVP)?","The result of \"Phase 1\" of a product development schedule.|The cheapest and easiest thing you can build to test your hypothesis.|A product that is developed by focusing on system behavior from the user experience perspective.|Code that is just enough to make the product pass testing.",1,"Minimum Viable Product (MVP) là sản phẩm khả thi tối thiểu — phiên bản rẻ nhất và đơn giản nhất được tạo ra để kiểm chứng giả thuyết sản phẩm với người dùng."
131,single_choice,"Suppose someone gave you 20 quarts of fresh strawberries and you decide to make jam. Which of these describes a small batch process?","Mash all the berries. Cook them one pot at a time and seal them in jars.|Freeze the berries in batches to cook later.|Mash two quarts of berries. Cook the jam, taste it, and seal it in 4 jars. Repeat this process 10 times.|All of the above",2,"Quy trình Small batch (lô nhỏ) thực hiện chia nhỏ công việc để hoàn thành, kiểm thử chất lượng sớm (nếm thử), sau đó mới lặp lại quy trình cho các lô tiếp theo."
132,single_choice,"The key goal of scrum is to build a","Potentially shippable product with as small a team as possible|Potentially shippable product with every iteration|Ready to ship product without having rules and meetings to slow production|Ready to ship product as quickly as possible",1,"Mục tiêu cốt lõi của Scrum là tạo ra một phần tăng trưởng sản phẩm có thể chuyển giao được (Potentially shippable product increment) sau mỗi chu kỳ lặp (Iteration/Sprint)."
133,single_choice,"What is the role of the Scrum product owner?","Acts as liaison between the stakeholders and scrum team and articulates the vision|Captures empirical data, which is used to adjust forecasts|The person cheerleading and championing the team|Funds the project and owns the checkbook",0,"Scrum Product Owner đóng vai trò làm cầu nối giữa các bên liên quan (Stakeholders) và Scrum Team, đồng thời định hình và truyền tải tầm nhìn sản phẩm."
134,single_choice,"What is the role of the Scrum master?","Assigns each item in the sprint plan to someone on the team|Coaches the team and shields them from external interference|Determines priorities, requirements, and when to ship|Exercises management authority over the team",1,"Scrum Master đóng vai trò là một Coach (huấn luyện viên), hỗ trợ nhóm tối ưu quy trình và bảo vệ nhóm khỏi các tác động can thiệp từ bên ngoài."
135,single_choice,"Which answer describes the Scrum team?","The Scrum master develops a plan and the team works according to it.|Members come on and off the team as needed, each contributing as needed.|Members work on projects according to their assigned roles.|The team pulls work off the plan, assigns it to themselves, and develops software.",3,"Trong Scrum, nhóm là Self-organizing (tự tổ chức); các thành viên tự chủ động nhận công việc (pull work) từ backlog và phân công trách nhiệm cho nhau."
136,single_choice,"What are the three Scrum artifacts?","Daily standup, sprint review, sprint retrospective|Cadence, key metrics, and release methodology|Happier employees, product quality, higher productivity|Product backlog, sprint backlog, done increment",3,"Ba công cụ tạo tác (Scrum Artifacts) chính gồm có: Product Backlog (danh sách yêu cầu sản phẩm), Sprint Backlog (danh sách công việc Sprint), và Increment (phần tăng trưởng hoàn thành)."
137,single_choice,"How does Scrum increase stakeholder satisfaction?","Working as a cooperative team creates a better and faster product.|Stakeholders can change the sprint forecast during the sprint.|Continuous flow and delivery are key elements of Scrum that stakeholders value.|Stakeholders are more engaged in determining how the work is carried out.",0,"Scrum giúp tăng sự hài lòng của Stakeholder nhờ làm việc hợp tác chặt chẽ theo nhóm, giúp tạo ra sản phẩm chất lượng hơn và nhanh chóng hơn."
138,single_choice,"Select the correct statement regarding Dev Ops and Agile team alignment.","One of the goals of Dev Ops is to accelerate time to market.|One of the goals of Agile is to deliver software faster.|Dev Ops and Agile have closely aligned goals.|All of the above statements are correct.",3,"DevOps và Agile có mục tiêu đồng nhất: rút ngắn thời gian đưa sản phẩm ra thị trường (time to market) và chuyển giao phần mềm nhanh chóng, liên tục."
139,single_choice,"Giving teams autonomy leads to motivated teams who can","create quick handoffs to other teams|build better systems|create more and more operational stability|execute more methodically",1,"Trao quyền tự chủ (Autonomy) giúp thúc đẩy động lực làm việc của nhóm, đưa ra quyết định nhanh chóng tại chỗ và xây dựng hệ thống tốt hơn."
140,single_choice,"Select the correct statement regarding Scrum.","Scrum emphasizes that the product or increment is never done. There is always improvement.|Scrum uses cycle time as the key metric.|Scrum emphasizes continuous change.|Scrum has sprints and existing roles such as scrum master.",3,"Scrum vận hành theo các chu kỳ Sprint (thường dài khoảng 2 tuần) với các vai trò được định nghĩa rõ ràng như Scrum Master và Product Owner."
141,single_choice,"Choose the answer that best describes Agile.","A team of software developers working in sprints|A type of project management, led by a project manager|Continuing to iterate on a plan and integrating and deploying once at the end of the project|Iterative development with feedback incorporated along the way",3,"Agile là phương pháp phát triển lặp (Iterative development) kết hợp thu nhận và điều chỉnh theo phản hồi (feedback) trong suốt quá trình thực hiện."
142,single_choice,"Select the correct statement regarding Agile.","Agile is essentially waterfall with more requirements.|Agile is being responsive to change and delivering value.|Agile is about developers working closely with a project manager.|Agile is about taking plenty of time to do upfront planning.",1,"Bản chất của Agile là khả năng phản ứng linh hoạt với sự thay đổi (responsive to change) và liên tục tạo ra giá trị cho khách hàng."
143,single_choice,"Which answer is valued and emphasized in Agile?","Adhering to the scope of work|Adaptive planning and early delivery|Using the most up-to-date tools and processes|Comprehensive documentation",1,"Agile đề cao lập kế hoạch thích ứng (Adaptive planning) và chuyển giao sản phẩm sớm, thường xuyên thay vì tuân thủ cứng nhắc kế hoạch ban đầu."
144,single_choice,"How is the waterfall method different from Agile?","Agile has architects, developers, and testers working in separate phases.|The waterfall method moves faster than Agile.|The waterfall method has phases so that when one ends, the next begins.|Agile emphasizes upfront gathering of requirements and documentation.",2,"Mô hình Waterfall khác Agile ở chỗ nó được cấu trúc thành các giai đoạn cố định: khi một giai đoạn kết thúc thì giai đoạn tiếp theo mới được bắt đầu."
145,single_choice,"Which of these software development approaches comes from lean manufacturing and has to do with visualizing work?","Kanban|Waterfall|Extreme Programming|Agile",0,"Kanban có nguồn gốc từ sản xuất tinh gọn (Lean manufacturing), tập trung vào việc trực quan hóa công việc (visualizing work) trên bảng theo dõi."
146,single_choice,"Which answer is consistent with working in small batches? (Assume that you have 50 boards to sand and paint.)","Sand and paint 10 boards. Check quality and deliver these. Then move to the next 10, and so on.|Sand the boards 10 at a time, then paint them 10 at a time. Check quality and deliver.|Sand all the boards and check quality. Paint all of them and deliver.|Sand and paint all the boards and check quality. Put them in bundles of 10 and deliver.",0,"Nguyên tắc Small batches nghĩa là hoàn thành trọn vẹn một lượng nhỏ sản phẩm (chà nhám & sơn 10 tấm), kiểm tra chất lượng rồi mới chuyển sang lô tiếp theo."
147,single_choice,"What is a minimum viable product (MVP)?","The result of each phase of a project|The cheapest and easiest thing you can build to test your value hypothesis|Determining up front what the customer wants|A focus on delivery and product completion",1,"Minimum Viable Product (MVP) là phiên bản đơn giản và tiết kiệm nhất có thể xây dựng để kiểm chứng giả thuyết giá trị với người dùng."
148,single_choice,"In Scrum, who determines priorities and how work is accomplished?","The scrum master reprioritizes the backlog and directs the team.|The project owner directs how and when work will be done, and which team members will do it.|The scrum team negotiates commitments with the product owner and has authority on how to reach commitments.|The customer determines priorities and how the work is carried out.",2,"Trong Scrum, Scrum Team đàm phán cam kết với Product Owner và toàn quyền tự chủ quyết định cách thức thực hiện công việc để đạt cam kết đó."
149,single_choice,"How is Scrum different from Kanban?","Scrum has roles, such as scrum master, while Kanban does not have existing roles.|Scrum has long sprints, while Kanban has short sprints.|Scrum key metrics are focused on cycle time, while Kanban emphasizes velocity.|Scrum is more flexible regarding change, while Kanban is more structured.",0,"Scrum quy định sẵn các vai trò cụ thể (Scrum Master, Product Owner,...), trong khi Kanban không bắt buộc bất kỳ vai trò cố định nào."
150,single_choice,"Choose the correct statement regarding organizing your teams.","Each team's mission should be aligned with their professional goals.|The long-term mission is typically around several business domains.|Teams are tightly coupled and loosely aligned.|Teams have end-to-end responsibility for what they build.",3,"Các nhóm Agile có trách nhiệm toàn trình (End-to-end responsibility) đối với sản phẩm họ làm ra, từ khâu phát triển, vận hành cho đến sửa lỗi trên production."
151,single_choice,"Select the correct statement regarding team autonomy.","Bottlenecks are avoided by having upper level management make decisions.|Autonomy allows management to push teams harder.|Teams get bogged down making decisions.|Decisions happen locally on the team level.",3,"Với tính tự chủ (Autonomy), các quyết định được đưa ra ngay tại cấp độ nhóm (locally) thay vì phải chờ đợi cấp quản lý phê duyệt."
152,single_choice,"Which of the following descriptions of Agile is correct?","It is a new version of waterfall with sprints.|It is a type of project management, led by a project manager.|It is responsive to changes and delivers value.|It is similar to waterfall, but with Scrum added.",2,"Agile là tư duy phát triển thích ứng linh hoạt với thay đổi (responsive to changes) và tập trung liên tục tạo ra giá trị cho người dùng."
153,single_choice,"Select the most accurate statement regarding Agile iterative planning.","With Agile iterative planning, you don't plan everything up-front.|With Agile iterative planning, you adjust the plan as you move along through a project and gain more knowledge.|Your estimates are more accurate if you plan as you go instead of planning everything up-front.|All of the above.",3,"Lập kế hoạch lặp trong Agile bao gồm: không lập kế hoạch tất cả ngay từ đầu, liên tục điều chỉnh theo thực tế và tăng độ chính xác ước lượng theo thời gian."
154,single_choice,"Select the correct statement regarding the role of a traditional product manager.","A product manager is a conduit between stakeholders and the team rather than managing the team.|A product manager leads the team in a series of experiments.|A product manager is a coach that keeps the team focused and eliminates impediments.|A product manager is usually a businessperson rather than a visionary.",0,"Product Manager đóng vai trò là cầu nối thông tin giữa các bên liên quan (Stakeholders) và nhóm phát triển thay vì trực tiếp quản lý nhân sự."
155,single_choice,"What is a key difference between the role of traditional project manager and the role of scrum master?","A project manager is a task master, while the scrum master is a coach.|A project manager is a facilitator, while the scrum master focuses on business and budget.|A project manager mentors the team, while the scrum master focuses on operations.|A project manager focuses on coaching, while a scrum master focuses on the plan.",0,"Project Manager truyền thống tập trung đảm bảo tiến độ kế hoạch (task master), trong khi Scrum Master đóng vai trò là một người khai vấn/huấn luyện viên (coach)."
156,single_choice,"What is a kanban board?","A method for tracking planned items and showing progress as items are moved across the board.|Colored sticky notes, placed on a board to show patterns in software bugs|A parking lot for issues to be dealt with later|A kanban board is made up of multiple project management tools.",0,"Bảng Kanban là công cụ theo dõi các công việc đã lập kế hoạch, đang thực hiện và đã hoàn thành bằng cách di chuyển các thẻ công việc qua các cột."
157,single_choice,"What happens to stories put in the icebox on a kanban board?","They are rejected.|They remain in the icebox, like an archived item.|They are items that will not go to the backlog.|They eventually may be moved to the product backlog.",3,"Các User Story nằm trong 'Icebox' là các ý tưởng tạm lưu trữ, về sau có thể được xem xét chuyển vào Product Backlog để thực hiện."
158,single_choice,"Select the correct item(s) contained in stories.","A brief description of the role, function, and benefit|Any assumptions or details|The definition of \"done.\"|All of the above.",3,"Một User Story chuẩn bao gồm: mô tả ngắn (vai trò, chức năng, lợi ích), các chi tiết/giả định đi kèm, và tiêu chuẩn hoàn thành (Definition of Done)."
159,single_choice,"What kind of story is used to capture big ideas?","Business value|User|Epic|Kanban",2,"Epic được sử dụng để mô tả các ý tưởng hoặc yêu cầu lớn vượt quá quy mô có thể hoàn thành trong một Sprint đơn lẻ."
160,single_choice,"What does INVEST stand for?","Iterative, Negotiable, Velocity, Estimable, Story, Testable|Independent, Negotiable, Valuable, Estimable, Small, Testable|Independent, Neutral, Verifiable, Epic, Select, Technical|Issues, Navigable, Visionary, Easy, Security, Technical",1,"INVEST là viết tắt của các tiêu chí đánh giá User Story tốt: Independent (Độc lập), Negotiable (Có thể thương lượng), Valuable (Có giá trị), Estimable (Ước lượng được), Small (Nhỏ), Testable (Kiểm thử được)."
161,single_choice,"Story Points use _________ to help people make estimates of size.","a wall clock (1, 2, 3...12)|T-shirt sizes (S, M, L, XL)|building height (single level, multi-level, skyscraper)|a calendar (days, weeks, months)",1,"Story Points sử dụng các thước đo tương quan như kích thước áo (T-shirt sizes: S, M, L, XL) để ước lượng độ lớn và độ phức tạp tương đối của công việc."
162,single_choice,"The product backlog consists of stories _________.","in which stories are refined to be clearer and more direct|in order of importance and/or business value|in which epic stories are put first, then in descending order by size|in the order in which they entered the backlog",1,"Product Backlog sắp xếp các User Story theo thứ tự ưu tiên dựa trên mức độ quan trọng và giá trị kinh doanh (Business value) mang lại."

163,single_choice,"What is the goal of backlog refinement?","To take the assumptions out of the stories and simplify them|To groom the backlog by ranking stories in order of importance|To work on bugs and perform other fixes|To have the team begin the backlog process",1,"Mục tiêu của Backlog Refinement (tỉa tót backlog) là làm rõ yêu cầu và sắp xếp (rank) các User Story theo thứ tự ưu tiên/quan trọng để triển khai trước."
164,single_choice,"Select the correct statement regarding backlog refinement meeting.","The customer is encouraged to attend the meeting.|The product owner attends the meeting.|The scrum master does not attend the meeting.|The development team must be at the meeting.",1,"Product Owner là người chủ trì chính trong cuộc họp Backlog Refinement để làm sạch, làm rõ và sắp xếp thứ tự ưu tiên các yêu cầu trong Backlog."
165,single_choice,"The goal of new issue triage is that at the end of backlog refinement _________.","the new issues are moved to the icebox|the new issues column is empty|the stories are reworked, but not rejected|All of the above",1,"Cột 'New Issues' đóng vai trò như một hộp thư đến (Inbox); mục tiêu của buổi Triage/Refinement là xử lý hết toàn bộ để cột này trở về rỗng (empty)."
166,single_choice,"Select the correct statement regarding sprint planning.","The scrum master describes the goal.|The product owner creates new milestones and gives them titles.|The development team takes the stories from the top of the product backlog and assigns them to the sprint backlog.|The product owner determines the team velocity.",2,"Development Team có quyền tự chủ (autonomy) chọn các User Story ưu tiên hàng đầu từ Product Backlog để chuyển vào Sprint Backlog."
167,single_choice,"Which of the following is done at the sprint planning meeting?","The product owner describes the goal.|The team agrees to the labels, estimates, and story details.|A sprint backlog is created.|All of the above.",3,"Cuộc họp Sprint Planning bao gồm: Product Owner nêu mục tiêu Sprint, nhóm thống nhất ước lượng/chi tiết công việc, và tạo ra Sprint Backlog."
168,single_choice,"Select the key problem with having a traditional product manager who becomes a product owner.","The product owner must stay focused on the budget.|The product owner must be able to focus on business requirements over technical goals.|The product owner must be able to focus on vision over operations.|The product owner must stay focused on the stakeholders rather than the team.",2,"Thách thức lớn nhất khi một Product Manager truyền thống chuyển sang làm Product Owner là phải dịch chuyển trọng tâm từ vận hành chi tiết (operations) sang tầm nhìn sản phẩm (vision)."
169,single_choice,"Select the correct statement regarding the scrum master.","The scrum master is a coach rather than a task master.|The scrum master documents impediments as project risks.|The scrum master keeps the team marching to a fixed plan.|The scrum master is a role based on the waterfall approach.",0,"Scrum Master đóng vai trò là một người huấn luyện/khai vấn (coach) hỗ trợ nhóm tự quản lý, chứ không phải là người giao việc quản lý tiến độ (task master)."
170,single_choice,"Select the correct statement regarding kanban pipelines.","The sprint backlog is followed by the icebox.|A kanban board is made of multiple pipelines.|The first pipeline on a kanban board is product backlog.|The new issues pipeline is for storing items you will do in the next two weeks.",1,"Bảng Kanban được cấu thành từ nhiều đường ống/cột trạng thái (pipelines/columns) nối tiếp nhau từ New Issues, Backlog cho đến Done."
171,single_choice,"What happens to sticky notes on a kanban board?","They stay put until the story is finished.|They are removed as tasks are completed.|They are moved across the board to show progress.|They are used as messages from one team member to another.",2,"Các thẻ ghi chú (Sticky notes/Cards) trên bảng Kanban được dịch chuyển dần qua các cột từ trái sang phải để trực quan hóa tiến độ công việc."
172,single_choice,"The parts of a user story are: As a <role> I need <function> so that <benefit>.","direction, idea, outcome|role, function, benefit|benefit, detail, outcome|user, assumption, goal",1,"Mẫu User Story chuẩn gồm 3 thành phần chính: Vai trò (Role), Chức năng (Function) và Lợi ích kinh doanh mang lại (Benefit)."
173,single_choice,"INVEST says stories should be _________.","dependent|short|independent|visionary",2,"Chữ 'I' trong tiêu chuẩn INVEST đại diện cho Independent (Độc lập) — các User Story nên ít phụ thuộc lẫn nhau nhất có thể."
174,single_choice,"Select the correct statement regarding product backlog.","The product backlog is ordered by importance.|The stories at the bottom of the backlog are the most detailed.|Epic stories are automatically put first in the product backlog.|The product backlog is ordered by which stories follow the template.",0,"Product Backlog luôn được sắp xếp theo thứ tự mức độ quan trọng và giá trị kinh doanh (Business value) mang lại cho sản phẩm."
175,single_choice,"Select the correct statement regarding backlog refinement.","The product owner provides estimates and technical information.|Large, vague items are split into smaller stories and clarified.|The team sorts the product backlog in order of importance.|The goal is to put most of the stories in the icebox or reject them.",1,"Trong quá trình Backlog Refinement, các yêu cầu lớn và mơ hồ (Epics) sẽ được chia nhỏ thành các User Story chi tiết hơn và sẵn sàng cho Sprint."
176,single_choice,"Who has the key role at the backlog refinement meeting?","The product owner has the key role of refining the backlog.|The lead architect has the key role of technical assistance.|The development team has the key role of refining the backlog.|The scrum master has the key role of technical assistance.",0,"Product Owner giữ vai trò then chốt trong buổi Backlog Refinement nhằm làm rõ định hướng và làm mịn danh sách yêu cầu."
177,single_choice,"What is velocity in terms of sprint planning?","The speed at which every team should be able to work.|A measure of how quickly the team can plan a sprint.|Each team has a measure of how quickly they work, for comparison.|The number of story points a team can complete in a single sprint.",3,"Velocity (vận tốc) trong Scrum là tổng số lượng Story Points mà một nhóm phát triển có thể hoàn tất trọn vẹn trong một Sprint."
178,single_choice,"What is a valid reason for one developer to work on more than one story at a time?","To make progress if the developer is blocked|To move more stories to QA|To ship 50% of two things|To get more stories out of the backlog",0,"Lý do hợp lệ duy nhất để một Developer chuyển sang làm User Story khác khi đang dở dang là do công việc hiện tại bị nghẽn (blocked)."
179,single_choice,"What do development team members do daily?","They take as many stories as they can reasonably work on.|They take the story most suited to them.|They take the next highest priority story from the sprint backlog.|They take a story that is assigned to them.",2,"Mỗi ngày, thành viên nhóm phát triển sẽ chủ động nhận User Story có mức độ ưu tiên cao nhất tiếp theo trong Sprint Backlog."
180,single_choice,"What is the main purpose of the daily stand-up?","To give a project status for the product owner.|For the product owner to answer questions.|For the development team members to each briefly report on their work.|To catch up on topics that have been previously tabled.",2,"Mục đích cốt lõi của Daily Stand-up là để các thành viên trong nhóm phát triển trao đổi ngắn gọn với nhau về tiến độ và sự phối hợp công việc."
181,single_choice,"What are the three key questions each team member answers at the daily stand-up meeting?","What did I do yesterday? What will I do today? Am I blocked?|What help does the product owner need? The scrum master? The development team members?|How many stories do we have? How many can we do? What is blocking us?|What are the key tasks? What is causing blocks? How do we unblock?",0,"3 câu hỏi kinh điển trong Daily Stand-up là: Tôi đã làm gì hôm qua? Tôi sẽ làm gì hôm nay? Tôi có đang gặp khó khăn/trở ngại (block) gì không?"
182,single_choice,"How long is the stand-up meeting?","1 hour|1-2 hours|30 minutes|15 minutes",3,"Cuộc họp Daily Stand-up được giới hạn thời gian (timeboxed) tối đa trong vòng 15 phút."
183,single_choice,"What is a burndown chart?","A chart for measuring progress against a milestone|A measurement of story points completed vs. story points remaining for a sprint|A chart that helps forecast the team's ability to achieve the sprint goal.|All of the above.",3,"Burndown Chart là biểu đồ thể hiện số lượng Story Points còn lại so với mục tiêu theo thời gian, giúp dự báo khả năng hoàn thành Sprint/Milestone."
184,single_choice,"Which one of the following is done at a sprint review?","The team provides an overall status, with charts depicting progress.|The team self-critiques the features of implemented stories.|The team determines whether the stories are done.|The team gives a live demonstration of the features of implemented stories.",3,"Tại buổi Sprint Review, nhóm phát triển sẽ Demo trực tiếp (Live demonstration) các tính năng đã hoàn thành cho các bên liên quan xem."
185,single_choice,"Who is invited to the sprint review?","Development team, product owner|Development team, product owner, scrum master, stakeholders, customers|Development team, product owner, scrum master, stakeholders|Development team, product owner, scrum master",1,"Tất cả những ai liên quan đến dự án (Dev Team, PO, Scrum Master, Stakeholders, và Khách hàng) đều được mời tham dự Sprint Review."
186,single_choice,"What is the purpose of the sprint retrospective?","To reflect on the sprint, discuss areas for improvement, and maintain a healthy process|To give the product owner a chance to address problems with team behavior|To allow the scrum master to evaluate the team|To have team members measure the health of the team",0,"Mục đích của Sprint Retrospective là nhìn lại cả Sprint vừa qua, thảo luận các điểm cần cải tiến quy trình và nâng cao hiệu quả làm việc nhóm."
187,single_choice,"A measurement of story points completed vs. story points remaining for a sprint is measured using a _________ chart.","Kanban|Workflow|Burndown|Timeboxing",2,"Biểu đồ Burndown Chart đo lường mối tương quan giữa Story Points đã hoàn thành và Story Points còn lại trong một Sprint."
188,single_choice,"What is the difference between vanity metrics and actionable metrics?","Actionable metrics tell you what to do, while vanity metrics do not provide specific guidance.|Vanity metrics are measured against a baseline, while actionable metrics are just raw data.|Actionable metrics may sound good, but do not provide useful data; while vanity metrics tell you what to do.|Vanity metrics have larger numbers than actionable metrics.",0,"Actionable metrics (chỉ số hành động) giúp đưa ra quyết định cải tiến cụ thể, trong khi Vanity metrics (chỉ số ảo) trông đẹp mắt nhưng không có giá trị thực tiễn."
189,single_choice,"Which of these metrics measure how quickly you recover from failure?","Change failure rate|Release frequency|Mean time to recovery|Mean lead time",2,"MTTR (Mean Time To Recovery - Thời gian trung bình để khôi phục) đo lường tốc độ hệ thống khôi phục bình thường sau khi gặp sự cố."
190,single_choice,"Which of these metrics measure how often you deliver change?","Change failure rate|Release frequency|Mean lead time|Mean time to recovery",1,"Release Frequency (Tần suất phát hành) đo lường mức độ thường xuyên mà nhóm chuyển giao các thay đổi/tính năng mới đến tay người dùng."
191,single_choice,"When a sprint finishes, how do you handle unimplemented stories?","Move them to the top of the product backlog.|Modify them for the next sprint.|Move them into the next sprint.|Move them from sprint to sprint.",0,"Khi kết thúc Sprint, những câu chuyện chưa hoàn thành sẽ được đưa về vị trí ưu tiên hàng đầu của Product Backlog để xem xét làm mịn lại."
192,single_choice,"When a sprint finishes, how do you get ready for the next sprint?","Close the stories assigned to the current sprint.|Move the unimplemented stories to the product backlog.|Close the current sprint milestone.|All of the above.",3,"Khi kết thúc Sprint, quy trình chuẩn bị gồm: đóng các Story đã xong, đóng Milestone Sprint hiện tại, và chuyển các hạng mục dở dang về Product Backlog."
193,single_choice,"How does a developer choose stories from the sprint backlog?","You take the next highest priority story.|You take stories until you are blocked.|You take a story based on your preference.|You take one or two stories.",0,"Developer luôn chủ động nhận hạng mục công việc có mức độ ưu tiên cao nhất tiếp theo (highest priority story) trong Sprint Backlog."
194,single_choice,"How does the daily stand-up serve the team?","The team members can find out who is working on what.|The scrum master can find out the team's plans for the week.|The team members can find solutions to blocks.|The product owner can find out what team members are working on.",0,"Daily Stand-up giúp các thành viên trong nhóm nắm bắt được ai đang làm gì và phối hợp nhịp nhàng với nhau."
195,single_choice,"What does each team member discuss in the stand-up?","What stories are still in my backlog and when can I start them?|What is our current status against our sprint goal?|What did I work on yesterday, what am I working on today, and are there any blocks?|What is my plan to resolve my blocks and impediments?",2,"Nội dung báo cáo trong Daily Stand-up tập trung vào: Việc đã làm hôm qua, việc sẽ làm hôm nay, và các vướng mắc (blocks) đang gặp phải."
196,single_choice,"You measure story points completed vs. story points remaining for a sprint using a _________ chart.","Kanban|Workflow|Timeboxing|Burndown",3,"Sử dụng Burndown Chart để theo dõi sự biến động giữa số Story Points hoàn thành và số Story Points còn tồn đọng trong chu kỳ Sprint."
197,single_choice,"What is a sprint review?","A problem review meeting|A live demonstration meeting|A development team peer-to-peer meeting|A status meeting",1,"Sprint Review là cuộc họp Demo thực tế (Live demonstration / Playback meeting) kết quả công việc đã hoàn thành cho Stakeholders đóng góp ý kiến."
198,single_choice,"Are customers invited to the sprint review?","No. Only the development team and the scrum master participate.|Yes. The development team, product owner, scrum master, stakeholders, and customers are invited to participate.|Yes. The product owner and scrum master meet with the customer.|No. Only the development team, the scrum master, and the product owner participate.",1,"Có (Yes). Cuộc họp Sprint Review chào đón tất cả các bên liên quan bao gồm cả khách hàng (customers) tham gia nghiệm thu và đưa ra phản hồi."
199,single_choice,"Select the correct statement regarding the sprint retrospective.","It is an opportunity for the product owner to give the team feedback.|It is an opportunity for team members to reflect on the sprint and speak freely about it.|It is an opportunity for the scrum master to evaluate the team.|It is an opportunity for the team to reflect on the scope of the project.",1,"Sprint Retrospective là không gian mở để các thành viên nhìn lại cả kỳ Sprint vừa qua, thoải mái chia sẻ ý kiến để cải tiến quy trình làm việc."
200,single_choice,"Which of the following is a key question to ask during the sprint retrospective?","What is our team's story point average?|What should we change going forward?|How can we maintain our velocity going forward?|Do we have healthy team members?",1,"Một trong ba câu hỏi cốt lõi của buổi Retro là: Chúng ta nên thay đổi/cải tiến điều gì cho kỳ Sprint tiếp theo? (What should we change going forward?)"
201,single_choice,"Which of these metrics measure how long it takes from idea to production?","Mean lead time|Mean time to recover from change|Change failure rate|Release frequency",0,"Mean Lead Time đo lường khoảng thời gian từ khi bắt đầu phát sinh ý tưởng/yêu cầu tính năng cho đến khi nó được triển khai hoàn tất trên môi trường Production."
202,single_choice,"Select the statement that describes an end of sprint activity.","Give developers credit for finished stories, but not for unfinished stories.|Adjust your current milestone and your velocity charts.|Move stories from the done column to the closed column.|Move unfinished stories to the next sprint.",2,"Hoạt động kết thúc Sprint bao gồm việc chuyển các User Story đã hoàn thành từ cột 'Done' sang cột 'Closed' và đóng Milestone của Sprint hiện tại."
203,single_choice,"Which answer best describes an Agile team?","Planned|Controlled|Flexible|Procedural",2,"Nhóm Agile mang đặc tính linh hoạt (Flexible), tự tổ chức (Self-organizing) và thích ứng cao với sự thay đổi thay vì cứng nhắc theo quy trình."
204,single_choice,"Which of these software development approaches emphasizes adaptive planning, and values individuals and interactions over processes and tools?","Waterfall|Agile|Kanban|Extreme Programming",1,"Agile đề cao việc lập kế hoạch thích ứng (Adaptive planning) và tôn trọng giá trị của cá nhân và sự tương tác hơn là quy trình và công cụ."
205,single_choice,"What is a minimum viable product?","The result of each phase of a project|A single syntax that developers and stakeholders understand|The cheapest and easiest thing you can build to test your value hypothesis|A product built in increments",2,"MVP (Minimum Viable Product) là phiên bản đơn giản nhất và tiết kiệm nhất có thể xây dựng nhằm kiểm chứng giả thuyết giá trị của sản phẩm."
206,single_choice,"Every sprint should have _________.","completion of all items in the backlog|several iterations through the design, code, test, and deploy cycle|a clearly stated goal|a three-week duration",2,"Mỗi Sprint cần phải có một mục tiêu rõ ràng (Sprint Goal) để cả nhóm cùng định hướng và tập trung hoàn thành."
207,single_choice,"What are the three roles in a scrum team?","Scrum master, product owner, development team|Project manager, software architect, developers|Collaborators, observers, team members|Project manager, business analyst, developers",0,"Ba vai trò chuẩn trong một Scrum Team là: Scrum Master, Product Owner và Development Team."
208,single_choice,"Why is the daily Scrum meeting called a \"stand-up\"?","New ideas are introduced, or \"stood up.\"|Various team members stand up when they give a status report.|The meeting is conducted with people standing.|The leader always stands to address the team members.",2,"Cuộc họp gọi là Stand-up vì mọi người đứng khi tham dự, giúp giới hạn thời gian (Timebox) trong vòng 15 phút và giữ cho nhóm tập trung."
209,single_choice,"Which of the following would be considered a problem in a Scrum health check?","The product owner, team members, and scrum master are identified and accountable.|There is a sprint backlog, and the teams are self-managing.|There is an ordered product backlog.|Work is organized in consecutive sprints of 8-12 weeks.",3,"Sprint kéo dài từ 8-12 tuần là quá dài; trong Scrum một Sprint tiêu chuẩn chỉ nên kéo dài từ 1 đến 4 tuần (phổ biến nhất là 2 tuần)."
210,single_choice,"Select the correct statement regarding the roles of product owner and scrum master.","The scrum master focuses on coaching.|The product owner focuses on assigning work.|The product owner focuses on facilitation.|The scrum master focuses on business and budget.",0,"Scrum Master tập trung vào việc khai vấn (Coaching) và tháo gỡ trở ngại cho nhóm, còn Product Owner tập trung vào tầm nhìn và giá trị kinh doanh."
211,single_choice,"What is a kanban board?","A type of waterfall chart depicting the phases of the project.|A method for tracking planned items and showing progress as items are moved across the board.|Colored sticky notes, placed on a board primarily to highlight problem areas.|A kanban board is made up of multiple project management tools.",1,"Bảng Kanban là phương pháp theo dõi tiến độ công việc bằng cách di chuyển các thẻ công việc qua các cột trạng thái từ kế hoạch đến hoàn thành."
212,single_choice,"Select the correct statement regarding kanban pipelines.","A kanban board is made of multiple pipelines.|The new issues pipeline is for storing items you will do in the next two weeks.|The sprint backlog is followed by the icebox.|Items that reach the done column are considered accepted by the product owner.",0,"Bảng Kanban được cấu thành từ nhiều đường ống/cột trạng thái (Pipelines/Columns) nối tiếp nhau đại diện cho quy trình công việc."
213,single_choice,"\"As a customer, I need some functionality, so that we will gain some business benefit\" is a description of","A done increment|A gherkin syntax|An epic story|A user story",3,"Đây là cấu trúc câu định dạng tiêu chuẩn của một User Story: As a <role>, I need <functionality>, so that <benefit>."
214,single_choice,"Select the correct statement regarding product backlog.","Putting items in the icebox creates clutter in the product backlog.|Epic stories are automatically put first in the product backlog.|The product backlog is ordered by importance or business value.|The stories at the bottom of the backlog are the most detailed.",2,"Product Backlog luôn được sắp xếp theo thứ tự ưu tiên dựa trên mức độ quan trọng hoặc giá trị kinh doanh (Business value) mang lại."
215,single_choice,"Who has the key role at the backlog refinement meeting?","The scrum master has the key role of technical assistance.|The lead architect has the key role of technical assistance.|The product owner has the key role of refining the backlog.|The development team has the key role of refining the backlog.",2,"Product Owner giữ vai trò chính trong buổi họp Backlog Refinement để làm mịn, làm rõ và sắp xếp thứ tự ưu tiên các công việc."
216,single_choice,"Select the correct statement regarding the daily stand-up.","The scrum master and product owner describe what is blocking the team.|The development team members each briefly report on their work.|Primarily, the product owner answers questions.|Primarily, a project status is delivered by the scrum master.",1,"Mọi thành viên trong nhóm phát triển (Development Team) sẽ báo cáo ngắn gọn công việc của mình cho cả nhóm nắm thông tin."
217,single_choice,"What is the purpose of a burndown chart?","It measures story points completed vs. story points remaining for a sprint.|It helps the team see impediments.|It predicts product quality.|It measures customer satisfaction.",0,"Burndown Chart dùng để theo dõi số lượng Story Points đã hoàn thành so với số Story Points còn lại trong một kỳ Sprint."
218,single_choice,"What are the three questions that need to be answered at the sprint retrospective?","Is the product owner pushing too hard? The scrum master? Other team members?|Are we practicing good habits? Are we checking our work? Are we being accountable?|What were our mistakes? Who made them? How can we fix them?|What went well? What did not go well? What should we change?",3,"Ba câu hỏi chuẩn trong Sprint Retrospective: Điều gì đã làm tốt? Điều gì chưa làm tốt? Chúng ta nên thay đổi điều gì cho kỳ sau?"
219,single_choice,"What is a sprint review?","A status meeting|A review of problem stories|A live demonstration meeting|A time to review how sprints are conducted",2,"Sprint Review là cuộc họp Demo thực tế (Live demonstration) phần tăng trưởng sản phẩm vừa hoàn thành cho các bên liên quan xem và đóng góp ý kiến."
220,single_choice,"What is a sprint retrospective?","An opportunity to demonstrate how well the products and increments are working|An opportunity for team members to reflect on the sprint and measure the health of the process|An opportunity for the product owner and the scrum master to evaluate the team|An opportunity for the product owner and the scrum master to give the team feedback",1,"Sprint Retrospective là cơ hội để cả nhóm nhìn lại kỳ Sprint vừa qua và đánh giá, cải tiến quy trình làm việc cho khỏe mạnh và hiệu quả hơn."
221,single_choice,"Which of these metrics measures how quickly the team can recover from failure?","Release frequency|Mean time to recovery|Change failure rate|Mean lead time",1,"MTTR (Mean Time To Recovery) đo lường tốc độ trung bình mà hệ thống hoặc nhóm có thể khôi phục lại trạng thái bình thường sau khi gặp sự cố."
222,single_choice,"Select the statement that describes an end of sprint activity.","Unfinished stories are moved to the next sprint.|Stories are moved from the done column to the closed column.|Put work done on the velocity of the next sprint.|Completed stories are unassigned from the sprint milestone.",1,"Sau khi Sprint kết thúc, các câu chuyện đã hoàn thành được chuyển từ cột 'Done' sang cột 'Closed' để chính thức đóng công việc."

223,single_choice,"Select the statement that is an example of \"Technology is the enabler of innovation.\"","Uber used GPS, electronic payments, and smartphones to develop a new business model.|Garmin continued making GPS navigators to beat their competitors as GPS became widely available.|Netflix created, built, and sustained their company via DVD technology.|Blockbuster used DVD technology to build an entertainment industry.",0,"Uber đã tận dụng các công nghệ có sẵn (GPS, ví điện tử, smartphone) để sáng tạo ra mô hình kinh doanh đặt xe công nghệ hoàn toàn mới."
224,single_choice,"John Allspaw delivered his \"10+Deploys Per Day-Dev and Ops Cooperation at Flickr\" presentation in 2009 at the","Velocity Conference|DevOpsDays conference|DevOps Enterprise Summit|Etsy's deploy to production meeting",0,"John Allspaw đã trình bày bài diễn thuyết lịch sử '10+ Deploys per day' tại hội thảo Velocity Conference năm 2009."
225,single_choice,"Select the correct statement regarding DevOps.","DevOps is primarily a combination of the Dev team and the Ops team into one team.|DevOps is a cultural change in which Dev and Ops work together.|DevOps is deploying monolithic applications 10 times per day.|DevOps is primarily about automation by DevOps engineers.",1,"Bản chất tối thượng của DevOps là sự thay đổi về mặt văn hóa (Cultural change) giúp nhóm Dev và Ops hợp tác chặt chẽ với nhau."
226,single_choice,"Which of the following characterizes the Waterfall approach?","An iterative approach with tighter and tighter feedback loops|Phases with entrance and exit criteria with no provision for change|Teams working together, aware of their impact on each other|Valuing individual and interactions over processes and tools",1,"Mô hình Waterfall đặc trưng bởi các giai đoạn tuần tự với tiêu chí bắt đầu/kết thúc nghiêm ngặt và không hỗ trợ việc quay lại thay đổi."
227,single_choice,"Who attended the Agile Infrastructure \"Birds of a Feather\" meeting in 2008 and started DevOpsDays in 2009?","Jez Humble|Patrick Debois|Bridget Kromhout|Gene Kim",1,"Patrick Debois đã tham dự buổi gặp 'Birds of a Feather' năm 2008 và sau đó sáng lập hội thảo DevOpsDays vào năm 2009."
228,single_choice,"The book The DevOps Handbook focuses on","Principles of rapid, incremental delivery|A manufacturing plant that was about to fail|An IT department that was having problems|Companies that had adopted DevOps and what did and did not work",3,"Cuốn 'The DevOps Handbook' tập trung phân tích thực tế từ các công ty đã áp dụng DevOps — những điều thành công và những bài học thất bại."
229,single_choice,"Which of these companies failed to innovate regarding their technology in the face of competition?","Garmin|Blockbuster|Uber|Netflix",1,"Blockbuster đã thất bại trong việc đổi mới công nghệ khi vẫn bám lấy mảng cho thuê đĩa DVD thay vì chuyển sang mô hình Streaming như Netflix."
230,single_choice,"John Allspaw is noted for which of the following?","Rapid deploys at Flickr|Implementing Netflix streaming services|Rapid deploys at Etsy|Creating the DevOps Enterprise Summit",0,"John Allspaw nổi tiếng với việc triển khai hạ tầng cho phép triển khai phần mềm siêu tốc (Rapid deploys) tại Flickr."
231,single_choice,"What is DevOps?","DevOps is primarily adopting tools and procedures used by DevOps engineers for Dev and Ops.|DevOps is primarily using virtual machines whenever possible for the fastest deployment.|DevOps is primarily deploying ever larger monolithic applications that are all or nothing at deploy.|DevOps is primarily a recognition that Dev and Ops must work together during the entire development life cycle.",3,"DevOps nhận thức rằng Dev và Ops phải làm việc cùng nhau trong suốt toàn bộ vòng đời phát triển phần mềm (Development life cycle)."
232,single_choice,"DevOps has three dimensions. Which is considered the most important?","Methods|Agility|Tools|Culture",3,"DevOps gồm 3 khía cạnh: Culture (văn hóa), Methods (phương pháp) và Tools (công cụ). Trong đó Văn hóa (Culture) là quan trọng nhất."
233,single_choice,"Which of these is an essential change that Dev and Ops must make to achieve success with DevOps?","Use the right software tools.|Hire Ops engineers to automate.|Stop working in silos and work together.|Deploy monolithic applications rapidly and continuously.",2,"Thay đổi cốt lõi để áp dụng DevOps thành công là phá bỏ các rào cản cô lập (Silos) và bắt đầu hợp tác làm việc cùng nhau."
234,single_choice,"The essential characteristics of DevOps include","Silos, virtual machines, and Service Oriented Architecture|Language, values, and stories|Automated pipelines, microservices, and containers|Waterfall, monoliths, and physical servers",2,"Các đặc trưng kỹ thuật cơ bản của DevOps bao gồm: đường ống tự động (Automated pipelines), kiến trúc Microservices và công nghệ Containers."
235,single_choice,"When did DevOps begin?","When the book, The Phoenix Project, was written.|When the book, The DevOps Handbook, was written.|When Patrick Debois and Andrew Clay Shafer met at the \"Birds of a Feather\" meeting.|When the first State of DevOps report was written.",2,"Lịch sử DevOps được tính từ mốc cuộc gặp gỡ giữa Patrick Debois và Andrew Clay Shafer tại sự kiện 'Birds of a Feather' năm 2008."
236,single_choice,"This book, published in 2016 by John Willis, Patrick Debois, Gene Kim, and Jez Humble, looked at companies that had adopted DevOps and what did and did not work.","The DevOps Handbook|The Phoenix Project|The Goal|Continuous Delivery",0,"Cuốn sách 'The DevOps Handbook' xuất bản năm 2016 đúc kết kinh nghiệm triển khai DevOps tại nhiều doanh nghiệp thực tế."
237,single_choice,"Which of the following describes Extreme Programming (XP), developed by Kent Beck?","Every phase has entrance and exit criteria, with no provision for change.|An iterative approach with tighter and tighter feedback loops.|Valuing individuals and interactions over process and tools.|Going around information technology (IT) to meet your IT needs.",1,"Extreme Programming (XP) là phương pháp phát triển lặp (Iterative approach) với các vòng phản hồi (Feedback loops) ngày càng ngắn và chặt chẽ."
238,single_choice,"Who was the DevOpsDays lead from 2015 to 2020?","Gene Kim|Patrick Debois|Bridgett Kromhout|Nicole Forsgren",2,"Bridgett Kromhout giữ vai trò trưởng ban tổ chức (Lead) của chuỗi hội thảo DevOpsDays từ năm 2015 đến năm 2020."
239,single_choice,"Which of these is typical of traditional thinking?","Rebuilding 100% of the code to get the 20% change you need|Internal sourcing and sharing code|Behavior driven development (BDD) and test driven development (TDD)|Merging pull requests or rejecting a pull request if it does not match your standards",0,"Tư duy truyền thống lãng phí ở chỗ phải build lại toàn bộ 100% mã nguồn chỉ để cập nhật 20% lượng thay đổi nhỏ."
240,single_choice,"Which of these is part of minimum viable product (MVP)?","The cheapest thing you can build|Waterfall and physical servers|Should I pivot or persevere?|Failure that is punished",2,"Trong mô hình MVP của Lean Startup, sau khi thử nghiệm sản phẩm, doanh nghiệp phải đưa ra quyết định: Thay đổi hướng đi (Pivot) hay Tiếp tục kiên trì (Persevere)."
241,single_choice,"Which of the following is the likely result of an automated pipeline WITHOUT automated test cases?","Experiencing failures less often|Overcoming vulnerabilities|Bugs pushed to production faster|Coding faster, with confidence",2,"Đường ống tự động hóa (Automated pipeline) nếu thiếu kiểm thử tự động (Automated testing) sẽ chỉ khiến các lỗi (Bugs) bị đẩy lên môi trường Production nhanh hơn."
242,single_choice,"Select the correct description of behavior driven development (BDD).","Tools targeting a BDD approach increase the cost|Ensuring that each component is working correctly|Describes the behavior of the system from the outside in|Uses a highly specific technical syntax",2,"Behavior Driven Development (BDD) tập trung mô tả hành vi của hệ thống từ ngoài vào trong (from the outside in) dựa trên góc nhìn của người dùng."
243,single_choice,"Cloud native architecture has to do with","coordinating with people outside your team to make changes|services with a hidden state, maintained in one database|leveraging microservices|leveraging monolithic architecture",2,"Kiến trúc Cloud Native khai thác sức mạnh tối đa của kiến trúc vi dịch vụ (Microservices)."
244,single_choice,"Which of these patterns has to do with monitoring for failure up to a certain limit or threshold?","Circuit breaker patterns|Retry patterns|Monkey testing|Bulkhead patterns",0,"Circuit Breaker Pattern (mô hình ngắt mạch) sẽ tự động ngắt kết nối khi số lượng lỗi vượt quá một ngưỡng (threshold) nhất định để tránh sập toàn bộ hệ thống."
245,single_choice,"Which of these is associated with social coding, rather than traditional thinking?","Working in silos|Sharing code|Using private repositories|Putting all the work in a development branch",1,"Social Coding khuyến khích việc chia sẻ mã nguồn công khai (Sharing code) và tái sử dụng code lẫn nhau trong cộng đồng/tổ chức."
246,single_choice,"Select the correct statement regarding small batches.","Working in small batches minimizes waste.|Working in small batches results in less feedback than large batches.|Working in small batches takes more time than working in large batches.|Working in small batches came from the Agile Manifesto.",0,"Làm việc theo từng lô nhỏ (Small batches) giúp phát hiện lỗi sớm, nhận phản hồi nhanh và giảm thiểu tối đa lãng phí (waste)."
247,single_choice,"Which of these is associated with minimum viable product (MVP)?","Building in increments|An iterative process between developers and the customer|Giving the customer exactly what they originally asked for|Additional features with bells and whistles",1,"Xây dựng MVP là quá trình lặp đi lặp lại (Iterative process) giữa đội ngũ phát triển và phản hồi thực tế từ khách hàng."
248,single_choice,"What is the Red, Green, Refactor workflow?","Ensuring that no one can call the code (red), then deciding how you want to call the code (green)|Avoiding code failure (red) by writing the most refined, error-free code (green)|Writing code first (red), then writing a test for it (green)|Writing a failing test case (red), then writing enough code to make the unit test pass (green)",3,"Luồng Red-Green-Refactor trong TDD: Viết test case thất bại trước (Red), sau đó viết vừa đủ code để test case vượt qua (Green), cuối cùng tối ưu code (Refactor)."
249,single_choice,"What is behavior driven development (BDD)?","Testing the functions of the system to build it right|Ensuring that each component is working correctly|Focusing on the system as observed from the outside|Ensuring that each feature performs a specific task",2,"BDD tập trung vào việc quan sát và định nghĩa hành vi hệ thống từ góc nhìn bên ngoài (business outcomes)."
250,single_choice,"Select the statement that correctly describes Gherkin.","Exploring the problem domain and collaborating to produce a solution|Thinking from the inside out|Specific technical language for writing tests|A natural language syntax for defining acceptance criteria",3,"Gherkin là cú pháp ngôn ngữ tự nhiên (Given-When-Then) dùng để viết các tiêu chí nghiệm thu (Acceptance criteria) mà cả Dev, QA và Business đều hiểu được."
251,single_choice,"Which of these is true of a monolith, rather than microservices?","Multiple instances are split out.|Each function would have its own database and keep track of its own state.|Scaling is done independently.|Changing a customer table would require coordinating with people on other teams.",3,"Với kiến trúc Monolith (khối monolith duy nhất), chỉnh sửa một bảng dữ liệu chung đòi hỏi phải họp bàn phối hợp phức tạp với nhiều nhóm khác."
252,single_choice,"Select the correct statement regarding stateless microservices.","Stateless microservices are simply threads, not full processes.|Stateless microservices are frequently and easily debugged and patched.|Stateless microservices each maintain their own state in separate databases.|Stateless microservices maintain a hidden state.",1,"[Đã đính chính] Stateless Microservices không lưu trạng thái cục bộ nên rất dễ dàng thay thế, khắc phục lỗi (debugged) và vá lỗi/triển khai lại (patched/re-deployed)."
253,single_choice,"What is monkey testing?","Deliberately killing services to see how other services are affected|A test that isolates failing services to limit the scope of failure|A test that monitors for failure up to a limit before it trips|Avoiding failure at all costs",0,"Monkey Testing (như Chaos Monkey) là việc chủ động ngắt/hủy các dịch vụ để kiểm tra xem hệ thống chịu lỗi và hồi phục như thế nào."
254,single_choice,"Select the correct statement regarding the bulkhead pattern.","Bulkhead patterns isolate failing services to limit the scope of failure.|Bulkhead patterns monitor up to a limit and trip if they detect failure.|Bulkhead patterns are designed to detect a problem and trip to avoid catastrophic failure.|Bulkhead patterns are used to deliberately kill services for testing.",0,"Bulkhead Pattern (vách ngăn) cô lập các dịch vụ bị lỗi để rủi ro không lan rộng sang các thành phần khác của hệ thống."
255,single_choice,"What is Taylorism?","When workers build individually crafted products|Pioneering efforts at automated systems|When workers, not managers, determine how work is to be done|Applying science to management, leading to the factory assembly line",3,"Thuyết Taylorism áp dụng khoa học vào quản lý lao động, dẫn đến sự ra đời của dây chuyền sản xuất công nghiệp tập trung vào hiệu suất từng công đoạn."
256,single_choice,"What is considered best practice in software engineering that is different from civil engineering?","It is a best practice in software engineering to have multiple handoffs that lead to bottlenecks.|It is a best practice in software engineering for the same team to build and maintain the product.|It is a best practice in software engineering to complete a project and have the members of the team move on and hand off to another team.|It is a best practice in software engineering to finish one process before the next can begin.",1,"Trong Software Engineering hiện đại, một nhóm nên vừa xây dựng vừa trực tiếp bảo trì sản phẩm ('You build it, you run it'), khác với ngành xây dựng cầu đường."
257,single_choice,"Which of the following describes traditional operations instead of DevOps?","One-of-a-kind infrastructure is built once and maintained.|Deployment is automated to all environments.|Processes are re-engineered for high volume and rapid throughput of changes.|Builds are repeatable, leveraging Infrastructure as Code.",0,"Vận hành truyền thống (Traditional Ops) có xu hướng tự dựng hạ tầng đơn lẻ thủ công một lần rồi tìm cách duy trì nó lâu dài."
258,single_choice,"What is Infrastructure as Code?","The practice of building, running, testing, and maintaining environments indefinitely|The practice of performing software configuration manually|The practice of describing infrastructure in an executable textual format|The practice of documenting the infrastructure",2,"Infrastructure as Code (IaC) là phương pháp mô tả và quản lý hạ tầng phần cứng dưới dạng mã văn bản có thể thực thi được."
259,single_choice,"What is Continuous Integration?","Rapidly and safely deploying code to a production-like environment|Deploying to a testing or staging environment|Working in long-lived development branches|The process of continuous building, testing, and integrating into the master branch",3,"Continuous Integration (CI) là quá trình tự động hóa việc biên dịch (build), kiểm thử (test) và tích hợp mã nguồn liên tục vào nhánh chính (master branch)."
260,single_choice,"Select the statement that defines Continuous Delivery.","Continuous building, testing, and integrating|Integrating code into a shared repository|Ensuring that code can be rapidly and safely deployed to production at any time|Pushing code to version control and automating building and testing",2,"Continuous Delivery (CD) đảm bảo rằng phần mềm luôn ở trạng thái sẵn sàng để triển khai an toàn và nhanh chóng lên môi trường Production bất kỳ lúc nào."
261,single_choice,"How is DevOps different from Taylorism?","DevOps is about managers determining how work is to be done.|Taylorism is about pushing decisions down to the workers.|DevOps facilitates a culture of teaming and collaboration.|Taylorism is about building individually crafted products.",2,"DevOps thúc đẩy văn hóa làm việc nhóm và hợp tác (teaming and collaboration), trái ngược với sự phân chia công đoạn cơ học của Taylorism."
262,single_choice,"Select the correct statement regarding software engineering in a DevOps environment.","Team members feel ownership for the work.|When a project is complete, the members of the team move on to other projects.|One process finishes before the next can begin.|The behavior of the system remains the same over time.",0,"Môi trường DevOps thúc đẩy tinh thần làm chủ (Ownership) của mỗi thành viên đối với sản phẩm họ tạo ra."
263,single_choice,"Instead of the project model, a better way to create software is to do it like","Civil engineering|Building an office building|Waterfall|Product development",3,"Phát triển phần mềm nên được tiếp cận theo mô hình phát triển sản phẩm (Product development) có vòng đời lâu dài chứ không phải dự án ngắn hạn."
264,single_choice,"How does the operations team (Ops) typically view the development team (Dev)?","Using cut and paste from runbooks|Making frequent changes and lacking back-out plans and testing|Making all or nothing changes|Being furthest from the code and not understanding the code",1,"Đội Ops truyền thống thường nhìn đội Dev với ánh mắt quan ngại vì Dev liên tục đòi thay đổi (changes) nhưng lại thiếu phương án khôi phục (back-out) và kiểm thử kĩ càng."
265,single_choice,"Which of the following are required DevOps behaviors?","Building and maintaining hand-crafted, unique servers|Breaking down silos, shared ownership, and collaboration|Using manual fulfillment methods such as ticket queues|Avoiding and preventing change and using alarms and escalations",1,"Hành vi cốt lõi trong DevOps bao gồm: Xóa bỏ rào cản ngăn cách (silos), chia sẻ trách nhiệm (shared ownership) và tăng cường hợp tác (collaboration)."
266,single_choice,"What is ephemeral or transient infrastructure?","Infrastructure that is created when needed, used, and discarded|Infrastructure that is built once and maintained|Infrastructure that is configured manually|Infrastructure in a textual format",0,"Ephemeral/Transient Infrastructure là hạ tầng tạm thời: được tự động khởi tạo khi cần, sử dụng xong là hủy bỏ ngay lập tức."
267,single_choice,"Select the correct statement regarding Continuous Integration.","Continuous Integration is integrating long lists of features, all at once.|Continuous Integration is building, testing, and integrating, which results in potentially deployable code.|Continuous Integration is working in long-lived development branches with developers adding to the development branch.|Continuous Integration is continuously deploying to production.",1,"Continuous Integration thực hiện build, test và tích hợp liên tục nhằm tạo ra phần mã nguồn sẵn sàng cho việc triển khai (potentially deployable code)."
268,single_choice,"Which of these is a benefit of Continuous Integration?","Being able to get faster reaction time to changes|Being able to check in large batches (weeks of work) at one time|Being able to merge untested code into the master branch|Being able to write the test cases after you have built the interface",0,"Lợi ích lớn của CI là giúp đội ngũ phản ứng nhanh hơn với các thay đổi nhờ quy trình kiểm thử tự động diễn ra liên tục."
269,single_choice,"What is Continuous Delivery?","Building software so it can be deployed into the actual production environment|Building software by having people do repetitive tasks and using computers to solve problems|Building software without using cloud-based tools|Building software so it can be released to production at any time",3,"Continuous Delivery là việc tự động hóa quy trình xây dựng phần mềm để đảm bảo mã nguồn có thể phát hành ra Production vào bất kỳ thời điểm nào."
270,single_choice,"Which of the following are key principles of Continuous Delivery?","Using feature flags, blue-green deploys, and canary testing|Using automation to deploy to production and testing once it is integrated|Never roll back, one-size-fits-all deployment, and avoiding risk and changes|Building in quality, working in small batches, and using actionable measurements",3,"Các nguyên tắc cốt lõi của CD bao gồm: Xây dựng chất lượng ngay từ đầu (build in quality), chia nhỏ lô công việc (small batches) và đo lường bằng các chỉ số thực chứng (actionable measurements)."

271,single_choice,"Which statement illustrates Conway's law?","It is good practice to organize teams around technology.|It is good practice to design systems according to the organization's communication structure.|It is good practice to have several teams building the same architecture.|It is good practice to organize teams around what they are expected to produce.",1,"[Đã đính chính] Định luật Conway phát biểu rằng kiến trúc hệ thống do một tổ chức thiết kế sẽ phản ánh đúng cấu trúc truyền thông (Communication structure) của tổ chức đó."
272,single_choice,"When working DevOps, it is better to have teams organized around","front-end and back-end teams|three-tier architecture|business domains|technology",2,"Trong môi trường DevOps, tổ chức nhóm theo các lĩnh vực kinh doanh (Business domains) sẽ giúp nhóm tập trung hơn vào việc tạo ra giá trị cho khách hàng."
273,single_choice,"Select the correct statement regarding organizing for DevOps.","DevOps is a subset of operations.|DevOps is a team that sits between Dev and Ops.|DevOps is one team that primarily focuses on operations.|Dev and Ops work with the same mindset, goals, and measures.",3,"DevOps bản chất là nhóm Dev và Ops cùng làm việc với chung một tư duy (mindset), mục tiêu (goals) và thước đo (measures)."
274,single_choice,"How do development and operations engineers work together in a DevOps environment?","They embrace traditional methods for development and operations.|They work together to create stability by not adding new features.|They work together during the entire lifecycle, following Agile principles.|They solve conflict by working in silos.",2,"Trong DevOps, Dev và Ops phối hợp chặt chẽ trong liên nhóm (cross-functional teams) xuyên suốt toàn bộ vòng đời phát triển ứng dụng (Entire lifecycle)."
275,single_choice,"Select the statement that explains how bad behavior arises when you abstract people away from the consequences of their actions.","All teams need quality assurance (QA) to catch their mistakes.|When people work in silos they do not see or feel the effect of their poor work.|Including developers in the on-call rotation leads to them behaving badly.|Ticket queues make people behave more responsibly.",1,"Khi làm việc cô lập trong các Silos, nhân sự không trực tiếp thấy hoặc cảm nhận được hậu quả từ sản phẩm kém chất lượng mà họ tạo ra cho các khâu sau."
276,single_choice,"It is good practice to have developers","use ticket queues instead of raising problems with team members.|save testing for the end of the process.|be responsible for the consequences of their actions.|give up control and let quality assurance (QA) ensure quality.",2,"Thực hành tốt nhất là buộc Developers phải chịu trách nhiệm trực tiếp đối với sản phẩm họ làm ra (Responsible for consequences of their actions) kể cả khi lên Production."
277,single_choice,"Conway's Law implies that an organization will produce a design whose structure reflects the organization's _________ structure.","business|technology|communication|mission",2,"Định luật Conway chỉ ra rằng cấu trúc hệ thống phần mềm luôn có xu hướng phản ánh đúng cấu trúc giao tiếp/truyền thông (Communication structure) của tổ chức."
278,single_choice,"Select the correct statement regarding aligning teams with the business.","Organize separate teams around the front end and the back end of development.|Empower teams by giving them end-to-end responsibility.|Rotate people in and out of the team regularly.|Give the team a short-term mission.",1,"Để đồng hướng với doanh nghiệp, cần trao quyền cho các nhóm bằng trách nhiệm toàn trình (End-to-end responsibility) từ khâu code cho tới bảo trì vận hành."
279,single_choice,"Select the correct statement regarding organizing teams for DevOps.","DevOps is designed around silos that teams work within.|Forming an Agile team makes the organization Agile.|Having a DevOps team is an antipattern and separates Dev and Ops.|Dev teams follow Agile principles, but Ops teams do not.",2,"Việc thành lập một 'DevOps Team' riêng biệt nằm giữa Dev và Ops thực chất là một chống mô hình (Antipattern) vì nó vô tình tạo thêm một Silo mới."
280,single_choice,"Select the person who wrote, in the book, Continuous Delivery, \"Bad behavior arises when you abstract people away from the consequences of their actions.\"","Jez Humble|Elisabeth Hendricks|Andrew Clay Shafer|Werner Vogels",0,"Jez Humble (đồng tác giả cuốn Continuous Delivery) đã đưa ra nhận định kinh điển này về nguyên nhân dẫn đến hành vi thiếu trách nhiệm trong các Silos."
281,single_choice,"How can you avoid the problem of actions without consequences resulting in bad behavior?","Limit on-call to Operations.|Keep Dev and Ops teams separate.|Create cross-functional teams.|Limit pager duty to developers.",2,"[Đã đính chính] Thành lập các nhóm đa chức năng (Cross-functional teams) bao gồm cả Dev và Ops làm việc chung giúp loại bỏ rào cản cô lập và chia sẻ trách nhiệm công việc."
282,single_choice,"Select the correct statement regarding how to measure and reward behavior in a DevOps environment.","To get better performance, compare one team member to another.|To get better code, measure how many lines of code are produced.|To get better performance, reward individual performance.|To get people to be social, measure them on being social.",3,"Muốn xây dựng văn hóa Social Coding, tổ chức cần đo lường và ghi nhận các hành vi tương tác xã hội như chia sẻ kiến thức và hỗ trợ đồng nghiệp."
283,single_choice,"Which objective is measured in a DevOps environment?","Mean time to failure|Focus on failure prevention|Never let the server go down|Mean time to recovery",3,"Môi trường DevOps chuyển trọng tâm từ việc né tránh sự cố sang chỉ số MTTR (Mean Time To Recovery) — tức là dự đoán trước sự cố và tối ưu khả năng phục hồi cực nhanh."
284,single_choice,"Select the correct statement regarding vanity metrics.","Mean time to recovery is an example of a vanity metric.|An increase in revenue from a customer test group due to a new feature is an example of a vanity metric.|The number of hits on a website is an example of a vanity metric.|An increase in the percentage of defects detected in testing is an example of a vanity metric.",2,"Số lượt truy cập/bấm vào trang web (Hits) là ví dụ điển hình của Vanity metric (chỉ số ảo) vì nó đẹp mắt nhưng không cung cấp dữ liệu rõ ràng để đưa ra quyết định."
285,single_choice,"Select the correct description of actionable metrics.","They may look impressive, but they are not meaningful.|The number of page views on a website is an example of an actionable metric.|They lack cause and effect.|They can be used to make decisions to get a desired outcome.",3,"Actionable metrics (chỉ số hành động) cung cấp thông tin có nguyên nhân - kết quả rõ ràng, giúp đưa ra quyết định cải tiến để đạt mục tiêu."
286,single_choice,"What did Nicole Forsgren develop for measuring teams?","Cultural questions|Individual performance measures|Root causes of developer failure|How strong leaders lead to success",0,"Tiến sĩ Nicole Forsgren đã phát triển bộ câu hỏi khảo sát văn hóa (Cultural questions) để đo lường và đánh giá sức khỏe văn hóa của các nhóm DevOps."
287,single_choice,"Which of the following is NOT a statement used to describe team culture in DevOps?","On my team, failures are punished.|On my team, information is actively sought.|On my team, responsibilities are shared.|On my team, new ideas are welcome.",0,"Trong văn hóa DevOps, thất bại được coi là cơ hội học hỏi; việc trừng phạt thất bại ('failures are punished') hoàn toàn đi ngược lại văn hóa DevOps."
288,single_choice,"What does \"rewarding for 'A' while hoping for 'B'\" mean?","People will seek to do the activities that are rewarded, so measure what matters.|Measuring lines of code will create quality code.|Ranking people against each other results in improved behavior.|If you want people to be social, measure the number of company-sponsored social gatherings.",0,"Con người sẽ tập trung làm những việc mà hệ thống thưởng/đo lường ghi nhận; do đó phải chọn đúng chỉ số thực sự quan trọng (Measure what matters) để đo lường."
289,single_choice,"Which one of these is an effective DevOps objective?","Mean time to failure|Mean time to recovery|Defect correction rate|Server downtime",1,"MTTR (Mean Time To Recovery) là mục tiêu cốt lõi của DevOps: chấp nhận hệ thống có thể gặp lỗi nhưng đảm bảo khả năng phục hồi siêu tốc."
290,single_choice,"Select the correct statement regarding vanity metrics.","Vanity metrics look impressive but are not meaningful or actionable.|Vanity metrics are good for taking action.|Reduce the time to market is an example of a vanity metric.|Vanity metrics are valuable to customers.",0,"Vanity metrics (chỉ số ảo) mang lại cảm giác ấn tượng trên báo cáo nhưng hoàn toàn không có giá trị để thực thi hành động hay đưa ra quyết định."
291,single_choice,"Which one of the following describes mean time to recovery?","Introducing new features when the product fails to be available to customers.|How long it takes for a new feature to fail.|How often new releases fail.|How long it takes to recover from failure.",3,"Mean time to recovery (MTTR) đo lường khoảng thời gian trung bình cần thiết để hệ thống phục hồi bình thường sau khi phát sinh sự cố."
292,single_choice,"Which of the following is NOT consistent with, \"Failures are learning opportunities?\"","Messengers are not punished.|It is the system that fails, not the person.|Punishment for failures.|Foster a culture of experimentation.",2,"Trừng phạt khi gặp thất bại (Punishment for failures) triệt tiêu tinh thần thử nghiệm và học hỏi từ sai lầm trong tổ chức."
293,single_choice,"How could the company organize to reflect a DevOps culture?","They could have put Miguel on the Ops team, so he does not have to use the ticket queue.|They could have put Miguel on the Dev team to oversee the ticket process.|They could hire a scrum master to be on the DevOps team that Miguel was part of.|They could have put Miguel on a cross-functional Dev and Ops team.",3,"Cấu trúc tổ chức chuẩn DevOps là đưa nhân sự vào nhóm đa chức năng (Cross-functional team) kết hợp cả Dev và Ops làm việc chung."
294,single_choice,"Which of these is a positive step toward having a DevOps culture?","Creating a separate DevOps team|Implementing automated CI/CD pipelines|Jim's use of the cloud account|Charles's insistence on Miguel using the ticket queue",1,"Xây dựng và tự động hóa quy trình CI/CD là bước đi thực tế giúp phần mềm được triển khai an toàn, nhanh chóng và giảm bớt các rào cản phê duyệt thủ công."
295,single_choice,"How could the application deployment have been handled that would be consistent with DevOps Culture?","The Dev team could have given the application to the Ops team to handle.|Charles could have made an exception and pushed Miguel's ticket to the top of the queue.|The Acme company could have used self-service IT to avoid having a ticket queue.|Miguel could have put the request in sooner to allow more time for the VMs to be built.",2,"Sử dụng mô hình Self-service IT (tự phục vụ) cho phép Developers chủ động khởi tạo hạ tầng tự động mà không cần đi qua hệ thống Ticket Queue phiền phức."
296,single_choice,"What could the company do differently to avoid having to spend time coordinating across teams?","Have a Dev team, an Ops team, and a DevOps team.|Hire more people to process tickets in the system.|Organize the teams around business domains instead of around technologies.|Add a new \"coordination team.\"",2,"Tổ chức các nhóm xoay quanh lĩnh vực kinh doanh (Business domains) giúp phân định ranh giới rõ ràng, giảm thiểu việc phải họp hành phối hợp giữa các nhóm."
297,single_choice,"What could have been done to avoid the missing schema change?","Use automated deployment.|Routinely check for any unapplied schema updates.|Avoid bug fixes to the master branch.|Prevent developers from making schema changes.",0,"Tự động hóa triển khai (Automated deployment) kết hợp với các bài kiểm thử tự động sẽ đảm bảo các thay đổi về Database Schema luôn được áp dụng đồng bộ."
298,single_choice,"Should the development team have merged the development branch back into the master branch sooner?","Someone should have merged their own pull request instead.|The team was correct to have a long-lived branch for every issue.|When the code was complete, it should have been merged into the master branch.|It would have been more effective to make a mono repo instead.",2,"Ngay khi mã nguồn hoàn tất và vượt qua kiểm thử, nó cần được hợp nhất (Merge) ngay vào nhánh chính (Master branch) thay vì để các nhánh sống quá lâu."
299,single_choice,"What could the development team have done differently to avoid the merge conflicts at the end of the month?","Use Continuous Integration to merge more frequently.|Prevent code drift through better coordination across the team.|The team could have spent time designing the system so there were no conflicts.|Provide Roopa with training to resolve merge conflicts.",0,"Áp dụng Continuous Integration để Merge code thường xuyên hơn theo từng lô nhỏ giúp tránh xung đột mã nguồn (Merge conflicts) lớn vào cuối tháng."
300,single_choice,"Who contributed the most to the project in terms of social coding?","Kiet because he helped another team and shared his experience|Susan for being honest about the timeline|Jeff because he pushed the project to completion|The Innovation Group for rewarding behavior that produces good products",0,"Kiệt thể hiện đúng tinh thần Social Coding khi chủ động hỗ trợ nhóm khác và sẵn sàng chia sẻ tri thức, kinh nghiệm của mình cho cộng đồng nội bộ."
301,single_choice,"What could the product team have done differently to align with social coding principles?","Make a copy of their code and give it to the account team to use and maintain separately.|Build the feature sooner without the account team and take the credit for it themselves.|Use a public repository for their projects and allow the account team to contribute to it.|Prevent Kiet from working with the account team.",2,"Tinh thần Social Coding đòi hỏi mã nguồn phải được lưu trữ trong kho lưu trữ nội bộ công khai (Public repository) để các nhóm khác có thể đóng góp (Contribute)."
302,single_choice,"What could the company have done differently to align with social coding principles?","Reward the product team when they allow others to reuse their code and when they share information.|Reprimand Kiet for working on something that should have waited in the queue like all the other projects.|Reward the product team for keeping their code secure and private.|Reprimand the product team for taking so long to work on the feature.",0,"Doanh nghiệp nên khen thưởng các nhóm có tinh thần chia sẻ thông tin và cho phép các đội ngũ khác tái sử dụng mã nguồn của họ."
303,single_choice,"Select the correct statement regarding technology and innovation.","DVD technology and innovation allowed Blockbuster Video to succeed.|It is more important to have innovative technology than it is to have an innovative business model.|Technology alone is the driver of innovation.|Technology is the enabler of innovation.",3,"Công nghệ đóng vai trò là yếu tố kích hoạt/thúc đẩy sự đổi mới (Technology is the enabler of innovation), kết hợp với mô hình kinh doanh sáng tạo."
304,single_choice,"Select the statement that correctly describes DevOps.","DevOps is a cultural change in which the development team and the operations team work together in cross-functional teams.|DevOps is primarily automation by DevOps Engineers.|DevOps is the combining of the development team and the operations team into one team.|DevOps is about teams using new tools such as automated pipelines for the fastest workflow possible.",0,"DevOps là sự dịch chuyển văn hóa (Cultural change) trong đó nhóm Phát triển và Vận hành làm việc cùng nhau trong các nhóm đa chức năng."
305,single_choice,"DevOps has three dimensions. Which is considered the most important?","Agility|Culture|Tools|Methods",1,"Ba khía cạnh của DevOps là Culture, Methods và Tools. Trong đó Văn hóa (Culture) là nền tảng quan trọng nhất."
306,single_choice,"Select the statement that correctly describes Extreme Programming (XP).","XP is an approach that values up-front planning with no provision for changing the requirements.|Teams work in silos.|When one phase ends, the next one begins. There is no provision for going back.|XP is an iterative approach with tighter and tighter feedback loops.",3,"Extreme Programming (XP) là phương pháp phát triển lặp với các vòng lặp phản hồi (Feedback loops) ngày càng ngắn và chặt chẽ."
307,single_choice,"What is the title of the book written by Jez Humble and David Farley that sets out the principles and technical practices for rapid, incremental delivery of products?","Continuous Delivery|The Goal|The DevOps Handbook|The Phoenix Project",0,"Cuốn sách 'Continuous Delivery' của Jez Humble và David Farley đúc kết các nguyên tắc kỹ thuật để phát hành phần mềm nhanh chóng và liên tục."
308,single_choice,"What is behavior driven development (BDD)?","When test cases drive the design and development of code|Focusing on the system as observed from the outside|Writing unit tests for the code you wish you had|Focusing on the functions of the system from the inside",1,"BDD ép buộc đội ngũ phải tư duy về hành vi của hệ thống từ góc nhìn quan sát bên ngoài (Outside-in) dựa trên giá trị nghiệp vụ."
309,single_choice,"Select the correct statement regarding cloud native microservices.","Multiple instances are split out.|Each function has its own database and keeps track of its own state.|Applications are designed as a collection of stateless microservices.|All of the above.",3,"[Đã đính chính] Kiến trúc Cloud Native Microservices bao gồm tất cả các đặc điểm: tách thành nhiều Instance, mỗi dịch vụ có DB riêng và thiết kế dạng Stateless."
310,single_choice,"Select the statement that correctly describes the bulkhead pattern.","This pattern trips once failures reach a certain limit or threshold. It detects a problem and avoids cascading failures.|This pattern isolates failing services to limit the scope of failure.|This pattern deliberately kills services for testing.|This pattern enables an application to handle transient failures by delaying longer between each retry.",1,"Bulkhead Pattern (vách ngăn) cản sự lây lan của sự cố bằng cách cô lập dịch vụ bị lỗi, hạn chế phạm vi ảnh hưởng trong hệ thống."
311,single_choice,"Select the correct statement regarding Taylorism.","Taylorism is workers building individually crafted products.|Taylorism is applying science to management and it led to the factory assembly line.|Taylorism is working in teams that make their own decisions.|All of the above.",1,"Thuyết Taylorism áp dụng khoa học vào quản trị lao động, phân chia công việc thành các công đoạn nhỏ, là tiền đề cho dây chuyền sản xuất công nghiệp."
312,single_choice,"Which statement correctly describes required DevOps behaviors?","DevOps encourages using ticket queues and escalations.|DevOps encourages building bespoke infrastructure and maintaining it.|DevOps encourages avoiding change and experimentation.|DevOps encourages breaking down silos and working together.",3,"Hành vi cốt lõi của DevOps là phá bỏ rào cản cô lập (Silos) giữa các phòng ban, thúc đẩy sự hợp tác và chia sẻ trách nhiệm."
313,single_choice,"Which one of the following is a key element in Infrastructure as Code?","Comprehensive written documentation|Describing infrastructure in executable, textual format|System and software manual configuration|Building and maintaining unique servers",1,"Infrastructure as Code (IaC) định nghĩa và quản lý hạ tầng dưới dạng mã văn bản có thể thực thi (executable, textual format) và quản lý phiên bản."
314,single_choice,"What is Continuous Integration?","Deploying code to a testing or staging environment|Integrating code in larger and larger amounts|Deploying code to a production-like environment|The process of continuous building, testing, and integrating into the master branch",3,"Continuous Integration (CI) là quá trình tự động hóa việc đóng gói (build), kiểm thử (test) và hợp nhất code liên tục vào nhánh chính (master branch)."
315,single_choice,"Select the statement that describes Continuous Delivery.","Integrate code to a shared repository.|Deploy code to a testing or staging environment.|Build code so it can be deployed to production at any time.|Use automation to deploy directly to production.",2,"Continuous Delivery (CD) đảm bảo phần mềm luôn ở trạng thái sẵn sàng để phát hành lên môi trường Production bất kỳ lúc nào."
316,single_choice,"It is good practice to align teams with","the architecture you expect them to build|the organization's long-term mission|the organization's business domains|All of the above",3,"Thực hành tốt trong DevOps là đồng hướng tổ chức nhóm theo cả 3 yếu tố: Kiến trúc mong muốn, Tầm nhìn dài hạn và Lĩnh vực kinh doanh (Business domains)."
317,single_choice,"Select the correct statement regarding DevOps.","DevOps is Dev and Ops with a wall of confusion between them.|DevOps is Dev and Ops working together with the same mindset.|DevOps is a separate team that sits between Dev and Ops.|DevOps is done primarily by Ops.",1,"DevOps là sự hợp tác chặt chẽ giữa nhóm Phát triển (Dev) và Vận hành (Ops) dựa trên chung một tư duy, mục tiêu và thước đo."
318,single_choice,"Actions without consequences lead to","apathy|empowerment|shared consciousness|good behavior",0,"Khi nhân sự thực hiện hành động mà không phải chịu trách nhiệm về hậu quả của nó (abstracted away from consequences), họ sẽ dần trở nên thờ ơ, vô cảm (apathy)."
319,single_choice,"Which one of these is an effective metric for measuring social coders?","How does your production compare to that of your coworkers?|How many lines of code do you develop in a day?|Are you building things that the rest of the company finds valuable?|What unique contributions have you made this year?",2,"Đo lường Social Coder hiệu quả dựa trên việc sản phẩm/mã nguồn họ tạo ra mang lại giá trị tái sử dụng cho các nhóm khác trong công ty."
320,single_choice,"Which one of these is an example of a vanity metric?","Increased number of page views on a website|Reduced time to deploy a release|Increased percentage of defects detected in testing|Reduced time to market for new features",0,"Lượt xem trang (Page views/Hits) là một Vanity metric (chỉ số ảo) vì nó chỉ mang tính chất thống kê bề nổi, không có giá trị để đưa ra quyết định hành động."
321,single_choice,"Which of these is an actionable metric?","Mean lead time, or how long it takes for an idea to get to production|Change failure rate, or how often new releases fail|Mean time to recover, or how long it takes to recover from failure|All of the above",3,"Cả 3 chỉ số (Mean lead time, Change failure rate, MTTR) đều là Actionable metrics vì chúng phản ánh đúng hiệu năng hệ thống và định hướng các hành động cải tiến cụ thể."
322,single_choice,"Who was a leader in developing measures for team culture in relation to DevOps?","Jez Humble|Dr. Nicole Forsgren|Patrick Debois|John Allspaw",1,"Tiến sĩ Nicole Forsgren là nhà nghiên cứu tiên phong trong việc xây dựng bộ chỉ số và câu hỏi khảo sát đo lường văn hóa làm việc nhóm trong DevOps."
323,single_choice,"Your company still handles IT support requests through emails and spreadsheets, leading to delays and lost tickets. Which ServiceNow solution should you implement first to automate and centralize request handling?","Virtual Agent|IntegrationHub|IT Service Management (ITSM)|Security Operations (SecOps)",2,"IT Service Management (ITSM) giúp tập trung hóa và tự động hóa các quy trình IT cốt lõi như quản lý Incident và Service Request, giải quyết triệt để tình trạng thất lạc ticket."
324,single_choice,"While reviewing an incident, you want to assign it to another support group. What's your best course of action?","Use the filter icon to search for the group|Edit the field in list view without opening the form|Switch to Preferences and select \"Change Group\"|Open the form and update the \"Assignment Group\" field, then click Save",3,"Để cập nhật trường 'Assignment Group', bạn cần mở trực tiếp biểu mẫu (Form view), thay đổi thông tin nhóm hỗ trợ và nhấn Save."
325,single_choice,"You're in the Incident list view and want to hide a few unnecessary columns and rearrange others. What should you do?","Go to Preferences and reset list view settings|Click on the gear icon to personalize the list layout|Use the \"Filter\" icon to add column conditions|Switch to form view to adjust the columns",1,"Biểu tượng hình bánh răng (Gear icon) trong List view cho phép cá nhân hóa giao diện danh sách như thêm, ẩn hoặc sắp xếp lại thứ tự các cột."
326,single_choice,"You are planning a system upgrade that involves scheduled downtime. What's the correct way to document and manage this activity?","Submit a service request using a custom catalog form|Create a new change record, select the change type, and provide planning details|Create an incident and mark it as critical|Automate the upgrade using Flow Designer to bypass review steps",1,"Các hoạt động nâng cấp hệ thống có lên kế hoạch và gây gián đoạn dịch vụ phải được ghi nhận bằng một Change Record với đầy đủ loại Change và kế hoạch triển khai."
327,single_choice,"Your organization wants to reduce Mean Time to Resolution (MTTR) by improving how incidents are classified and routed. Which feature in ServiceNow helps achieve this?","Flow Designer|Virtual Agent|Predictive Intelligence|Change Advisory Board (CAB) Workbench",2,"Predictive Intelligence sử dụng Học máy (Machine Learning) để tự động phân loại và định tuyến ticket dựa trên dữ liệu lịch sử, giúp giảm thời gian xử lý (MTTR)."
328,single_choice,"You're configuring a classification model in ServiceNow's Predictive Intelligence Workbench. To ensure predictions are only applied when the system is highly certain, you want to set a rule that only predictions with a confidence score of 90% or higher are used. What feature should you use?","Model Monitoring|Incident Reports Dashboard|Flow Designer|Precision Tuning",3,"Precision Tuning cho phép thiết lập ngưỡng độ tin cậy (Confidence score threshold) như 90%, đảm bảo hệ thống chỉ tự động áp dụng các dự đoán có độ chính xác cao."
329,single_choice,"Your chatbot sometimes receives unclear messages it can't interpret. What should you add to handle this gracefully?","Fallback Message|Script Action node|Live Agent Handoff node|Text Prompt node",0,"Fallback Message được sử dụng trong Virtual Agent khi Chatbot không hiểu câu lệnh của người dùng, giúp yêu cầu diễn đạt lại hoặc chuyển sang hỗ trợ viên."
330,single_choice,"Your team is developing a new module to manage software asset risk. You want to ensure that your custom logic doesn't interfere with existing platform configurations. What should you do?","Skip scoping since update sets will manage separation|Use Business Rules to override core functionality in plac|Build the application in the global scope for full access|Create a scoped application to isolate logic and features",3,"Tạo Scoped Application giúp cô lập logic và tính năng tùy chỉnh trong ranh giới riêng, tránh gây xung đột với các ứng dụng khác và hệ thống cốt lõi."
331,single_choice,"Your dashboard visuals are outdated because new ticket data isn't appearing. What should you do to ensure the dashboard stays current?","Create a Data Collector Job for your indicators and schedule it|Use real-time incident forms|Refresh your browser every 15 minutes|Enable SLA notifications",0,"Lập lịch chạy Data Collector Job giúp hệ thống tự động thu thập và cập nhật chỉ số KPI định kỳ, đảm bảo Báo cáo/Dashboard luôn hiển thị dữ liệu mới nhất."
332,single_choice,"Your dashboard shows that high-priority incidents have increased resolution times over the past two months. What should you do with this insight?","Add the indicator to the Service Catalog|Disable Performance Analytics to reset the data|Train a new Virtual Agent topic for high-priority tickets|Open an Agile story to review incident handling process",3,"Từ thông tin xu hướng thời gian xử lý sự cố tăng cao, hành động chuẩn theo thực hành ITSM là tạo một Agile Story để rà soát và cải tiến lại quy trình xử lý Incident."