id,type,question,options,correctAnswer,explanation
1,single_choice,"Which of the following defines the AI black box problem?","Machine intelligence making something illusory, like pulling a rabbit from a hat|The challenge of understanding the inner workings of opaque systems|Not being able to know how something crashed or failed|A dangerous machine intelligence put in a digital prison","1","Thuật ngữ 'Black box' (Hộp đen) trong AI chỉ các mô hình (như Mạng nơ-ron sâu) cực kỳ phức tạp mà con người không thể hiểu hoặc truy xuất được logic ra quyết định bên trong. Đáp án 1 ánh xạ chính xác: 'inner workings' (cơ chế hoạt động bên trong) của 'opaque systems' (các hệ thống mờ đục/không trong suốt)."
2,multiple_choice,"Which of the following elements are important aspects of ethical integrity with regards to data? (Select two.)","If the holders of data are trustworthy entities.|If the data is commercially viable or monetarily valuable.|Whether the data was gathered in an ethical manner.|What type of data (audio, visual, etc.) is being collected and/or utilized.","0|2","'Ethical integrity' (Tính toàn vẹn đạo đức) của dữ liệu liên quan đến 2 yếu tố: chủ thể nắm giữ dữ liệu có đáng tin cậy không ('holders... are trustworthy') và phương pháp thu thập dữ liệu đó có tuân thủ đạo đức không ('gathered in an ethical manner')."
3,multiple_choice,"Which of the following best describes why data is sometimes compared to oil? (Select two.)","Data can fuel algorithmic technologies.|Data can be monetarily valuable.|Data can be easily monopolized.|Data can damage the environment.","0|1","Dữ liệu được ví như dầu mỏ (oil) vì tính chất tạo ra năng lượng và giá trị kinh tế. Cụ thể: nó là 'nhiên liệu' (fuel) để vận hành các thuật toán công nghệ, và nó mang lại giá trị tiền bạc rất lớn ('monetarily valuable')."
4,single_choice,"At what point should ethical consideration ideally be applied to emerging technologies?","Upon delivery, with appropriate warranties where necessary.|From its inception, through maintenance, to applying foresight regarding its decommissioning.|Once an ethical issue has received negative feedback in public media.|During periodic reviews, with ongoing customer feedback solicited.","1","Các cân nhắc về đạo đức (ethical consideration) cần được áp dụng xuyên suốt toàn bộ vòng đời của công nghệ: từ lúc bắt đầu hình thành ý tưởng (inception), qua giai đoạn bảo trì (maintenance), cho đến khi dự đoán việc gỡ bỏ/tiêu hủy hệ thống (decommissioning)."
5,single_choice,"Which of the following describes dual-use or multipurpose data?","Data that can be transformed into multiple forms, e.g. extracting audio from a video file.|Data that can be easily shared with a partner or family member for mutual enjoyment.|Data that can be used in multiple devices or formats, such as a video on a Smart TV, tablet, and computer.|Data collected for one application that could also be applied to another application in a different domain.","3","'Dual-use' (Sử dụng kép) hoặc 'Multipurpose' (Đa mục đích) chỉ việc dữ liệu được thu thập ban đầu cho một ứng dụng/mục đích này ('collected for one application') nhưng lại có thể được đem đi áp dụng cho một lĩnh vực/ứng dụng hoàn toàn khác ('applied to another application in a different domain')."
6,multiple_choice,"Which of the following are important ethical elements to safeguard within ethical AI systems? (Select two.)","Transparency and explainability, balanced with privacy.|The number of layers, tensors, or parameters used in a model.|Performance and optimization.|Accountability and management of bias.","0|3","Các trụ cột đạo đức cần bảo vệ trong AI bao gồm: Tính minh bạch và khả năng giải thích (Transparency and explainability) đi kèm với quyền riêng tư (privacy); cùng với Trách nhiệm giải trình (Accountability) và quản lý thiên kiến (management of bias). Các yếu tố như performance hay số layer chỉ là kỹ thuật thuần túy."
7,single_choice,"Which of the following is the generally agreed upon current state of the art of AI?","Perceptrons|Superintelligence|Narrow AI|Strong AI","2","Trạng thái phát triển hiện tại của AI được giới chuyên môn đồng thuận là 'Narrow AI' (AI hẹp/AI chuyên biệt) - tức là AI chỉ có thể thực hiện tốt một hoặc một vài tác vụ cụ thể. 'Strong AI' hay 'Superintelligence' hiện tại vẫn chỉ nằm ở mức độ lý thuyết/khoa học viễn tưởng."
8,multiple_choice,"Which of the following describe important aspects of why emerging technologies are so capable and powerful? (Select two.)","They are exciting and captivating to many people.|They may be able to self-improve by learning from data.|They can displace workers by performing their jobs more efficiently.|They can automate very complex operations.","1|3","Sức mạnh của công nghệ mới nổi (emerging technologies) nằm ở khả năng tự cải thiện bằng cách học hỏi từ dữ liệu ('self-improve by learning from data') và khả năng tự động hóa các hoạt động cực kỳ phức tạp ('automate very complex operations')."
9,multiple_choice,"Management asks someone to do a data-related task. Which of the following would likely be ethically problematic? (Select two.)","Delete any erroneous data.|Aggregate data together.|Change data to another format.|Manipulate data or alter its interpretation.","0|3","Các hành vi có vấn đề về đạo đức (ethically problematic) bao gồm: Tự ý xóa dữ liệu lỗi ('Delete erroneous data' - làm mất tính toàn vẹn và lịch sử dữ liệu) và thao túng hoặc cố tình thay đổi cách diễn dịch dữ liệu ('Manipulate data or alter its interpretation' - dẫn đến sai lệch sự thật)."
10,multiple_choice,"Which of the following describe important aspects in the role of an ethical AI engineer? (Select two.)","Writing new equations to express intelligence.|Keeping up with the latest developments and vulnerabilities.|Cleaning and sorting data, and auditing for bias.|Building and maintaining computational hardware.","1|2","Vai trò của một kỹ sư AI đạo đức (ethical AI engineer) bao gồm việc liên tục cập nhật các rủi ro, lỗ hổng mới ('Keeping up with vulnerabilities') và phải thường xuyên kiểm toán thiên kiến, làm sạch dữ liệu ('auditing for bias, cleaning data') để đảm bảo tính công bằng."
11,single_choice,"Which of the following, by itself, qualifies as personally identifiable information (PII)?","Temperature readings for an office building|A user's home address|System events added to a log|A user's customer ID in an online ordering system","1","PII (Personally Identifiable Information - Thông tin định danh cá nhân) là bất kỳ dữ liệu nào có thể xác định trực tiếp một cá nhân cụ thể. 'A user's home address' (địa chỉ nhà của người dùng) là thông tin định danh rõ ràng nhất trong các lựa chọn này."
12,single_choice,"Why are groups like race and religion considered protected classes?","Organizations are legally not allowed to collect information about these groups.|These groups can be used to personally identify someone.|People use these groups as the basis for their identities.|These groups have been used as the basis for wholesale discrimination.","3","'Protected classes' (Các nhóm được bảo vệ theo pháp luật như chủng tộc, tôn giáo) có quy chế đặc biệt vì trong lịch sử, những nhóm này đã từng là nạn nhân của sự phân biệt đối xử hàng loạt/có hệ thống ('wholesale discrimination'). Việc đưa vào luật nhằm tránh AI lặp lại thiên kiến này."
13,single_choice,"Which of the following describes an opt-out policy in regards to the collection of private data?","Data about the user is always collected, regardless of the user's consent.|Data about the user is automatically collected unless that user explicitly states that you should not do so.|Data about that user isn't collected until that user explicitly states you are allowed to.|Data about the user is never collected, regardless of the user's consent.","1","Chính sách 'Opt-out' (Quyền từ chối) có nghĩa là hệ thống sẽ mặc định tự động thu thập dữ liệu ('automatically collected') trừ khi người dùng chủ động yêu cầu dừng lại ('unless explicitly states you should not'). Trái ngược với 'Opt-in' là phải xin phép trước khi thu thập."
14,multiple_choice,"Which of the following are key principles of privacy by design? (Select two.)","Organizations must incorporate privacy protections throughout the project lifecycle.|Organizations must keep the focus of privacy protections on the business rather than the user.|Organizations must be proactive in protecting against privacy risks, not reactive.|Organizations must not expose the operational practices and technologies used to protect user privacy.","0|2","'Privacy by design' (Quyền riêng tư từ trong thiết kế) yêu cầu việc bảo vệ quyền riêng tư phải được tích hợp xuyên suốt toàn bộ vòng đời dự án ('throughout project lifecycle') và mang tính chủ động phòng ngừa rủi ro ngay từ đầu ('proactive, not reactive')."
15,single_choice,"What is the purpose of differential privacy?","To remove the direct identifiers that can be used to identify individuals.|To enable parties to share private data without revealing individuals represented in the data.|To only allow certain parties to access certain portions of the data.|To ensure the data is completely confidential and cannot be read by unauthorized parties.","1","'Differential privacy' (Quyền riêng tư vi sai) là kỹ thuật thuật toán thêm 'nhiễu' (noise) vào bộ dữ liệu. Mục đích của nó là cho phép các bên chia sẻ thông tin tổng thể của tập dữ liệu ('share private data') mà không làm lộ danh tính cá nhân của bất kỳ ai trong đó ('without revealing individuals')."
16,single_choice,"Which of the following describes the concept of liability?","Answering for one's actions to an authority figure.|The legal responsibility for one's actions.|The moral duty one has to take action.|Taking ownership of an assigned task.","1","'Liability' (Trách nhiệm pháp lý) là khái niệm pháp luật chỉ trách nhiệm và nghĩa vụ phải chịu sự trừng phạt/bồi thường trước pháp luật về hành động của một người hoặc tổ chức ('The legal responsibility for one's actions'). Nó khác với 'accountability' (trách nhiệm giải trình)."
17,single_choice,"What does it mean to call a click-through agreement a ""contract of adhesion""?","One party is forced into a ""take-it-or-leave-it"" situation.|One party is forced into using the service after agreeing.|Both parties are legally bound by the agreement.|Both parties are equally responsible for ensuring the agreement is adhered to.","0","'Contract of adhesion' (Hợp đồng gia nhập) là loại hợp đồng do một bên có ưu thế soạn sẵn, bên kia (người dùng) chỉ có quyền chấp nhận toàn bộ để dùng dịch vụ hoặc từ chối ('take-it-or-leave-it' situation), hoàn toàn không được thương lượng các điều khoản."
18,single_choice,"Which of the following is a type of technology contract that establishes the goals of both parties and describes how those goals will be achieved?","Software as a Service (SaaS)|Terms of Service (ToS)|Service-level agreement (SLA)|End-user license agreement (EULA)","2","SLA (Service-level agreement - Thỏa thuận mức dịch vụ) là bản hợp đồng công nghệ thiết lập các mục tiêu chất lượng dịch vụ (ví dụ: thời gian uptime 99.9%, tốc độ phản hồi) và mô tả chi tiết cách thức đạt được các mục tiêu đó giữa nhà cung cấp và khách hàng."
19,single_choice,"How does a smart contract differ from a traditional contract?","Smart contracts serve a different purpose than traditional contracts.|Smart contracts are more effective than traditional contracts.|Smart contracts guarantee that all parties are anonymous.|Smart contracts eliminate the need for a central authority.","3","'Smart contract' (Hợp đồng thông minh) là đoạn mã chạy trên blockchain, tự động thực thi khi đạt điều kiện mà không cần có bên thứ ba trung gian như luật sư hay ngân hàng xác nhận ('eliminate the need for a central authority')."
20,single_choice,"How can a visual contract be easier to understand than a written contract?","The use of pictures explains the contract in greater detail than a written contract, making it easier for anyone to understand the particulars.|The use of pictures is more accessible to all people, whereas a written contract may be difficult for someone with a reading disability to understand.|The use of pictures without any text makes it easier for most people to comprehend the details of a contract.|The use of pictures with simple text makes it easier for the layperson to understand the details of a contract.","3","'Visual contract' (Hợp đồng trực quan) sử dụng hình ảnh minh họa kết hợp với văn bản đơn giản ('pictures with simple text') để giúp những người không có chuyên môn luật pháp ('layperson') dễ dàng hiểu được các chi tiết hợp đồng, thay vì bị ngợp bởi các thuật ngữ pháp lý phức tạp."
21,single_choice,"What causes bias?","Bias is caused by the media.|Biases are caused by the opinions of our families.|Bias is biological, we are born with it.|Biases are learned from our families, our social groups, and the media.","3","Bias (Thiên kiến/Định kiến) không phải là bẩm sinh (biological). Nó được hình thành và học hỏi ('learned') dần dần từ môi trường xung quanh chúng ta, bao gồm gia đình, nhóm xã hội và các phương tiện truyền thông ('media')."
22,single_choice,"What is the fundamental attribution error?","When you believe your ideas are normal and that the majority of people agree with you.|When you incorrectly assume a cause and effect relationship for two correlated variables.|When you believe your chances of experiencing something negative are lower and your chances of experiencing something positive are higher than others.|When you say your bad behavior is caused by the situation, but when other people display the same bad behavior, it is caused by a personality trait.","3","'Fundamental attribution error' (Lỗi quy gán cơ bản) là khuynh hướng tâm lý phổ biến: khi ta làm sai, ta đổ lỗi cho hoàn cảnh ('caused by the situation'); nhưng khi người khác làm sai hành vi y hệt, ta lại cho rằng đó là do bản chất/tính cách tồi tệ của họ ('caused by a personality trait')."
23,multiple_choice,"Which of the following are actions that can help combat implicit bias? (Select three.)","Obtaining your information from the same one or two media sources that your family and friends access.|Cultivating awareness of your own biases.|Exposing yourself to ""counter-stereotypical"" examples.|Interacting with diverse groups of people.|Surrounding yourself with others who have similar experiences.","1|2|3","Để chống lại thiên kiến ngầm ('implicit bias'), các phương pháp hiệu quả bao gồm: Tự nhận thức về thiên kiến của chính mình (Cultivating awareness), chủ động tiếp xúc với các ví dụ đi ngược lại định kiến thông thường ('counter-stereotypical' examples), và tương tác với các nhóm người đa dạng (diverse groups)."
24,single_choice,"When conducting an opinion poll, which of the following biases do you need to guard against the most when collecting your data?","Misclassification bias|Correlation bias|Sampling bias|Modeling bias","2","Khi thực hiện thăm dò ý kiến (opinion poll), rủi ro lớn nhất cần đề phòng là 'Sampling bias' (Thiên kiến lấy mẫu). Điều này xảy ra khi mẫu người được chọn để khảo sát không đại diện chính xác hoặc công bằng cho toàn bộ quần thể mà bạn muốn phân tích."
25,single_choice,"Which of the following is an example of a cognitive bias?","Misclassification bias|Modeling bias|Anchoring bias|Correlation bias","2","'Cognitive bias' (Thiên kiến nhận thức) là các lỗi hệ thống trong tư duy của con người. 'Anchoring bias' (Thiên kiến mỏ neo - xu hướng quá phụ thuộc vào mẩu thông tin đầu tiên nhận được khi đưa ra quyết định) là một ví dụ tâm lý học kinh điển của thiên kiến nhận thức."

26,single_choice,"Are criminal justice risk assessments race-neutral?","Yes, technology in itself is not racist.|No, the data is biased as it reflects historical bias.|Yes, algorithms replace human judgement and they are unbiased.|No, it is designed with intention to be unfair.","1","Dữ liệu huấn luyện thường chứa đựng 'historical bias' (thiên kiến lịch sử). Do đó, các công cụ đánh giá rủi ro tư pháp hình sự không hề trung lập về chủng tộc."
27,single_choice,"Which type of bias causes people to trust an automated decision-making system (ADS) over a human's decision?","Automation bias|Implicit bias|Confirmation bias|Complacency bias","0","'Automation bias' (Thiên kiến tự động hóa) là xu hướng con người quá tin tưởng vào quyết định của máy móc (ADS) hơn là phán đoán của chính con người."
28,multiple_choice,"How can confirmation bias impact us socially? (Select two.)","It can lead to groupthink, which can in turn halt forward progress.|It can lead to a diverse set of friends.|It can prevent us from being social with other people.|It can impede socio-political cooperation.","0|3","'Confirmation bias' (Thiên kiến xác nhận) khiến con người chỉ tìm kiếm thông tin củng cố niềm tin sẵn có. Điều này dẫn đến 'groupthink' (tư duy bầy đàn) và cản trở hợp tác chính trị - xã hội."
29,single_choice,"Which of the following describes an illusory-correlation bias?","When you correlate a variable with a confounding variable.|When you incorrectly assume a cause and effect relationship because two variables are correlated.|When you incorrectly assume a correlation because there is an illusory confounding variable.|When you correlate variables that do not exist in your data set.","1","'Illusory-correlation bias' (Thiên kiến tương quan ảo) là sai lầm khi cho rằng có mối quan hệ nhân quả (cause and effect) giữa hai biến chỉ vì chúng có vẻ tương quan với nhau."
30,single_choice,"Which of the following is one explanation for why cognitive biases exist?","We use them to help remember things.|We receive too much information and are overloaded.|They are taught to us in school.|They help us think logically instead of emotionally.","1","Thiên kiến nhận thức (cognitive biases) tồn tại như một cơ chế phòng vệ của não bộ khi bị quá tải thông tin ('overloaded'), giúp đưa ra quyết định nhanh chóng."
31,single_choice,"Which of the following is a formative ethics theory that states that maximizing happiness is the primary standard for determining what is right or wrong?","Utilitarianism|Deontology|Virtue ethics|Categorical imperative","0","'Utilitarianism' (Chủ nghĩa vị lợi) là học thuyết đạo đức cho rằng hành động đúng là hành động tối đa hóa hạnh phúc ('maximizing happiness') cho số đông."
32,multiple_choice,"Which of the following statements are promoted by the categorical imperative? (Select three.)","You have a moral duty to choose your actions based on their potential outcomes.|Act in such a way that your actions may become a universal law.|Each person must use reason to will moral laws.|Don't treat people as a means to an end; treat them always as an end.","1|2|3","'Categorical imperative' (Mệnh lệnh tuyệt đối của Kant) yêu cầu: hành động theo quy luật phổ quát, dùng lý trí, và luôn coi con người là mục đích tự thân ('an end'), không phải công cụ ('a means to an end')."
33,single_choice,"Which of the following statements accurately describes the philosophical concept of predeterminism?","All events, past, present, and future, are determined in advance.|All future events are determined by preceding events, as in a chain, but human beings may still be able to interfere with this chain of events.|All events are predestined to happen by a supernatural force.|Human beings are able to make choices whose outcomes are not already determined.","0","'Predeterminism' (Thuyết tiền định) cho rằng mọi sự kiện trong quá khứ, hiện tại và tương lai đều đã được định đoạt từ trước ('determined in advance')."
34,single_choice,"How do norms differ from morals?","Morals involve value judgments; norms do not.|Norms form the basis for morals.|Norms are universal to all cultures; morals are not.|Morals are collective; norms are more personal.","0","Đạo đức ('morals') liên quan đến các phán xét giá trị đúng/sai, trong khi chuẩn mực ('norms') chỉ là các quy tắc cư xử thông thường trong xã hội mà không nhất thiết có tính phán xét."
35,multiple_choice,"Which of the following are consequences of saying that someone or something has moral agency? (Select two.)","The moral agent follows a deontological code of ethics.|The moral agent is capable of determining right and wrong.|The moral agent can be held responsible for their actions.|The moral agent acts in a morally correct manner.","1|2","'Moral agency' (Tác nhân đạo đức) chỉ những thực thể có khả năng phân biệt đúng sai ('determining right and wrong') và phải chịu trách nhiệm cho hành động của mình ('held responsible')."
36,single_choice,"Why is deciding how to act using moral reasoning not always a feasible goal for human beings?","Human decision making is often influenced by emotion and not logic.|Most people are not educated on normative ethical theories and therefore cannot perform true moral reasoning.|Moral reasoning has few tangible benefits for most people.|Moral reasoning is too complicated to apply to a real-world situation.","0","Con người thường bị chi phối bởi cảm xúc ('influenced by emotion') thay vì logic thuần túy, do đó việc luôn áp dụng lý luận đạo đức là không khả thi."
37,multiple_choice,"Which of the following statements are true regarding the purpose of moral psychology? (Select two.)","Moral psychology seeks to understand why people act morally or immorally.|Moral psychology seeks to understand the nature of what it means to be moral.|Moral psychology seeks to understand how the human mind develops morality.|Moral psychology seeks to understand what the best way to act morally is.","0|2","Tâm lý học đạo đức ('Moral psychology') nghiên cứu lý do tại sao con người hành động đạo đức hay vô đạo đức, và cách tâm trí phát triển nhận thức này."
38,single_choice,"Which of the following is an example of applied ethics?","Moral relativism|Pluralism|Virtue ethics|Professional ethics","3","Đạo đức học ứng dụng ('Applied ethics') là việc đưa các lý thuyết triết học vào giải quyết các vấn đề thực tiễn, ví dụ như Đạo đức nghề nghiệp ('Professional ethics')."
39,single_choice,"Your organization has developed an AI system that recommends treatments for hospital patients. Some questions have been raised about the ethics of how these treatments are determined. What applied ethics domain do these concerns fall under?","Environmental ethics|Engineering ethics|Business ethics|Bioethics","3","Trong y tế và bệnh viện, các vấn đề đạo đức liên quan đến chẩn đoán/điều trị bệnh nhân thuộc về lĩnh vực Đạo đức sinh học ('Bioethics')."
40,multiple_choice,"What does it mean to say that human rights are inalienable? (Select two.)","Inalienable rights are inherent in all human beings.|Inalienable rights cannot be taken away except in extreme circumstances.|Inalienable rights are derived from tradition.|Inalienable rights are conditional.","0|1","Quyền bất khả xâm phạm ('Inalienable rights') là những quyền vốn có ('inherent') của con người từ khi sinh ra và không thể bị tước đoạt ('cannot be taken away')."
41,single_choice,"What does ""ethics by design"" mean? 1 / 1 point","A reference to the framework set forth by IEEE's Ethically Aligned Design.|A creative design approach as the focus for ethics.|An approach in which ethics is considered from the initial design stage.|A reference to one of the tenets of engineering activism.","2","'Ethics by design' (Đạo đức từ trong thiết kế) là phương pháp tiếp cận trong đó các yếu tố đạo đức được cân nhắc ngay từ giai đoạn thiết kế ban đầu ('initial design stage')."
42,single_choice,"Which of the following describes why explainability is important? 1 / 1 point","It provides interpretations of a system's actions.|It enables you to explain a system for shareholder purposes.|It is necessary so that internal stakeholders can understand how a system works.|It provides accountability and trust.","3","Tính có thể giải thích ('Explainability') rất quan trọng vì nó tạo ra trách nhiệm giải trình ('accountability') và xây dựng niềm tin ('trust') với người dùng."
43,single_choice,"Which of the following describes personhood? 1 / 1 point","Personhood is an individual's right to freedom.|Personhood is often used to dictate how something is treated.|Personhood is a concept that applies to narrow AI.|Personhood is the legal protection provided to AI systems.","1","'Personhood' (Tư cách nhân vị) là khái niệm pháp lý/đạo đức quyết định cách một thực thể được đối xử và bảo vệ ('dictate how something is treated')."
44,multiple_choice,"Which of the following describe how adopting ethical practices can be a strategic differentiator? (Select three.) 1 / 1 point","It will build customer trust.|It will encourage applicants to apply for your company.|It will ensure you comply with regulations.|It will reduce your business obligations toward customers and business partners.|It will support the development of strategic partnerships.","0|1|4","Áp dụng thực hành đạo đức giúp tạo lợi thế chiến lược: xây dựng niềm tin khách hàng ('build customer trust'), thu hút ứng viên ('encourage applicants') và hỗ trợ đối tác chiến lược."
45,single_choice,"What is the difference between beneficence and non-maleficence? 1 / 1 point","Beneficence refers to ""do only good"" and non-maleficence refers to ""do no harm.""|Non-maleficence refers only to malevolent artificial general intelligence (AGI), while beneficence can refer to any ""good"" emerging technology.|Beneficence is a less important goal for the field of AI than non-maleficence.|Beneficence and non-maleficence are quite similar and often interchangeable.","0","'Beneficence' nghĩa là hành thiện/làm điều tốt ('do only good'), trong khi 'non-maleficence' nghĩa là không làm hại ('do no harm')."
46,multiple_choice,"Which of the following are valid concerns regarding electronic personalities? (Select two.) 1 / 1 point","That they would create unfair advantages, as not everyone has access to the same rights.|That individuals would start applying for electronic personalities.|That they will make it more difficult to access information.|That they would absolve manufacturers of liability.","0|3","Việc cấp tư cách pháp nhân điện tử ('electronic personalities') cho AI gây lo ngại tạo ra lợi thế bất công ('unfair advantages') và giúp nhà sản xuất trốn tránh trách nhiệm pháp lý ('absolve liability')."
47,multiple_choice,"Which of the following are ways to participate in engineering activism? (Select two.) 1 / 1 point","Follow a code of ethics.|Perform all tasks required of you.|Engage with the public.|Follow ethics by design.","0|2","Chủ nghĩa hành động trong kỹ thuật ('Engineering activism') đòi hỏi kỹ sư tuân thủ quy tắc đạo đức và chủ động tương tác với công chúng ('Engage with the public')."
48,single_choice,"How can AI uphold justice? 1 / 1 point","The more AI-based products being used in the justice system, the more justice can be upheld.|AI systems can be designed from the start to help promote fairness and minimize bias.|AI systems can replace human judges, who are often biased.|AI can automate many of the clerical tasks involved in the justice system.","1","AI có thể bảo vệ công lý nếu nó được thiết kế ngay từ đầu để thúc đẩy sự công bằng ('promote fairness') và giảm thiểu thiên kiến ('minimize bias')."
49,multiple_choice,"Which of the following are examples of how AI can limit human autonomy? (Select two.) 1 / 1 point","Weapon systems can limit human autonomy as humans may not have decision-making capability or understand the decision making.|AI systems might impact certain vulnerable groups such as the elderly and children differently than the rest of the population, which could limit those groups' autonomy.|AI systems can assist individuals with automated, repetitive, or dangerous tasks.|AI systems can perform tasks that humans cannot, such as processing millions of data records in a matter of seconds.","0|1","AI hạn chế quyền tự chủ của con người ('limit human autonomy') trong các hệ thống vũ khí (tước quyền ra quyết định của con người) và gây tác động tiêu cực lên các nhóm yếu thế."
50,single_choice,"Which school of philosophical thought primarily advocates for the greatest good for the greatest amount of people?","Deontology|Kantian ethics|Utilitarianism|Virtue ethics","2","Trường phái triết học ủng hộ lợi ích lớn nhất cho số lượng người lớn nhất ('greatest good for the greatest amount') là Chủ nghĩa vị lợi ('Utilitarianism')."
51,single_choice,"Which type of entity are the OECD Principles on Artificial Intelligence mostly geared towards?","Private corporations|National governments|Municipal governments|Individuals","1","Bộ nguyên tắc OECD về AI chủ yếu được thiết kế làm kim chỉ nam cho các chính phủ quốc gia ('National governments') trong việc hoạch định chính sách."
52,single_choice,"Which of the following principles are most commonly cited in AI-based ethical frameworks?","Fairness and non-discrimination|Transparency and explainability|Human control and autonomy|Happiness and spiritual contentment","1","Minh bạch và khả năng giải thích ('Transparency and explainability') là hai nguyên tắc được trích dẫn thường xuyên nhất trong hầu hết các khung đạo đức AI hiện nay."
53,single_choice,"Which of the following frameworks primarily promotes human rights?","The Montreal Declaration|The Beijing AI Principles|The Asilomar AI Principles|The Toronto Declaration","3","Tuyên bố Toronto ('The Toronto Declaration') là khung đạo đức đặc biệt nhấn mạnh vào việc bảo vệ quyền con người ('human rights') trong hệ thống học máy."
54,single_choice,"Which of the following best describes capability caution as referenced in the Asilomar AI Principles?","We should keep limits on on what artificial general intelligence (AGI) is capable of.|Given a lack of consensus, we should avoid strong assumptions regarding upper limits on future AI capabilities.|Should there be a greater reliance on AI, measures should be taken to ensure that humans are still capable of finding work.|If there is no understanding of the internal mechanisms of AI, then AI development should be halted.","1","'Capability caution' (Thận trọng về năng lực) khuyên không nên đưa ra các giả định cứng nhắc về giới hạn tối đa của AI ('avoid strong assumptions') khi chưa có sự đồng thuận."
55,single_choice,"Which of the following describes the principle of transparency in the context of AI systems?","Transparency enables human observers to understand the decision-making process of an AI system.|Transparency enables human observers to reproduce the decision-making process of an AI system.|Transparency enables human observers to tweak the decision-making process of an AI system.|Transparency enables human observers to see inside the decision-making process of an AI system.","3","Nguyên tắc minh bạch ('Transparency') yêu cầu hệ thống phải cho phép con người nhìn thấu và hiểu được quá trình ra quyết định bên trong ('see inside the decision-making process')."
56,single_choice,"Which of the following is a case study that best represents the principle of professional responsibility?","The IEEE Ethically Aligned Design's discussion on classical ethics|The Asilomar AI Principles' definition of capability caution|The Beijing AI Principles' tenets about the use of AI The American Medical|Association's definition of AI as augmented intelligence","3","Hiệp hội Y khoa Hoa Kỳ định nghĩa AI là 'augmented intelligence' (trí tuệ tăng cường) để hỗ trợ thay vì thay thế bác sĩ, đây là ví dụ điển hình của trách nhiệm nghề nghiệp ('professional responsibility')."
57,single_choice,"If you are attempting to build a new framework for the research and development (R&D) of AI, which of the following frameworks might you look at first for its emphasis in this area?","The Beijing AI Principles|The G20 AI Principles|The Montreal Declaration for a Responsible Development of Artificial Intelligence|The American Medical Association's definition of artificial intelligence","0","Nguyên tắc AI Bắc Kinh ('Beijing AI Principles') đặc biệt chú trọng vào các quy chuẩn đạo đức trong khâu Nghiên cứu và Phát triển (R&D)."
58,single_choice,"In AI, the principle of privacy is most commonly referred to in the context of which of the following concepts?","Personal protection|Human control|Data protection|Transparency","2","Trong ngữ cảnh AI, nguyên tắc quyền riêng tư ('privacy') thường được hiểu đồng nghĩa với bảo vệ dữ liệu ('Data protection')."
59,single_choice,"Which of the following describes an ethical framework?","Ethical frameworks raise timeless ethical questions that are not easily put into action.|Ethical frameworks apply meta-ethical theories to everyday business operations.|Ethical frameworks consolidate regulatory requirements for an industry.|Ethical frameworks seek to mitigate ethical concerns by creating actionable steps.","3","Khung đạo đức ('Ethical framework') không chỉ bàn lý thuyết mà tìm cách giảm thiểu rủi ro thông qua các bước hành động cụ thể ('creating actionable steps')."
60,single_choice,"Why does the trolley problem pose an ethical predicament?","There are so many potential outcomes that it becomes difficult to choose one that is most ethical.|The moral responsibility is split between you and the person controlling the trolley.|You have to make a choice between two scenarios where choosing one leads to loss of life in the other.|You as the actor don't have sufficient control over the circumstance.","2","Bài toán xe gòong ('Trolley problem') là thế tiến thoái lưỡng nan vì dù chọn cách nào ('choosing one leads to loss of life') thì cũng dẫn đến hậu quả chết người."
61,multiple_choice,"Which of the following ethical considerations should have priority in an emergency situation like the use of contact-tracing solutions during a pandemic? (Select two.)","Privacy|Bias|Accountability|Explainability","0|2","Trong tình huống khẩn cấp (như dùng app truy vết dịch bệnh), Quyền riêng tư ('Privacy') và Trách nhiệm giải trình ('Accountability') là hai yếu tố đạo đức cần được ưu tiên hàng đầu."
62,single_choice,"In using AI-enabled solutions within the context of medical imaging analysis, which of the following is the most important ethical consideration?","Privacy|Security|Bias|Explainability","3","Trong phân tích hình ảnh y khoa, tính có thể giải thích ('Explainability') là quan trọng nhất để bác sĩ hiểu và tin tưởng chẩn đoán của AI."
63,single_choice,"If an AI-enabled system enables addictive behavior, which of the following makes for the most compelling argument to stop development work on that system?","The system, as designed, acts counter to the well-being of the users.|The user will share more data with the system because of increased use.|The process for obtaining consent has not been made transparent to the user.|There is a lack of accountability on the part of the user since they overuse the service.","0","Lập luận mạnh mẽ nhất để dừng phát triển một AI gây nghiện là hệ thống đó đi ngược lại sự an lạc/sức khỏe của người dùng ('acts counter to the well-being of the users')."
64,single_choice,"Why do smart toys raise additional ethical concerns over those that are raised in the course of other products and services that use AI?","They are used in the privacy of homes rather than in public settings, like other products or services.|It is difficult to obtain informed consent for the use of the smart toy.|The smart toys store personal data on the device, which can be stolen.|Children are more susceptible to manipulation and therefore need extra protective measures.","3","Đồ chơi thông minh (smart toys) đáng lo ngại vì trẻ em rất dễ bị thao túng ('susceptible to manipulation') và cần các biện pháp bảo vệ đặc biệt."
65,single_choice,"Which of the following software development principles is essential in the real-world deployment of AI-enabled software applications in critical scenarios like self-driving cars?","Architectural design analysis|Robustness to adversarial examples|Version control of the AI models deployed|Continuous integration and deployment of patch updates","1","Đối với các ứng dụng sống còn như xe tự lái, hệ thống AI phải có độ bền/tính chống chịu trước các ví dụ đánh lừa ('Robustness to adversarial examples')."
66,single_choice,"Which of the following is the most important argument in favor of content moderation in online platforms?","It helps uphold freedom of expression for everyone and doesn't give anyone special rights.|It prevents the spread of disinformation that can cause harm to vulnerable populations.|It prevents the development of monopolies in terms of content creators.|It creates adequate incentives for everyone to share their opinions.","1","Lập luận quan trọng nhất ủng hộ việc kiểm duyệt nội dung là nhằm ngăn chặn sự lan truyền tin giả ('spread of disinformation') có thể gây hại cho nhóm dễ bị tổn thương."
67,single_choice,"Why is the question of robot rights and emancipation one that isn't as important as addressing issues of bias, privacy, transparency, and other principles discussed in the various ethical frameworks?","Humans are anthropocentric and don't want to extend rights to other sentient entities.|Robots are mechanical instruments and therefore don't deserve to have rights.|These rights necessitate that robots become sentient entities, which is currently not feasible.|There is no legal precedent for granting rights to entities that are not humans.","2","Tranh luận về quyền của robot chưa cấp thiết vì robot chưa phải là thực thể có tri giác ('sentient entities'), do đó việc cấp quyền là chưa khả thi."
68,single_choice,"Which of the following is the most important ethical consideration regarding technical developments like deepfakes?","They take away monetization opportunities, leaving individuals unfairly compensated for their data.|They are built on technological progress made by a third-party organization.|They violate data sharing agreements in many jurisdictions.|They usurp a person's likeness and can then be weaponized against them.","3","Rủi ro đạo đức lớn nhất của deepfakes là khả năng đánh cắp hình ảnh/nhận dạng của một người và biến nó thành vũ khí tấn công họ ('usurp a person\'s likeness and weaponized')."
69,single_choice,"Why are anonymization and pseudonymization insufficient protection measures against breaches of data privacy and security?","They can be broken by combining this data with other publicly available data.|They destroy the usefulness of the data.|They only work in scenarios with particular kinds of personal information.|They don't integrate well into data science and machine learning workflows.","0","Ẩn danh (anonymization) và giả danh (pseudonymization) là chưa đủ vì chúng có thể bị bẻ khóa nếu kết hợp với các dữ liệu công khai khác ('broken by combining with other publicly available data')."
70,multiple_choice,"Which of the following are important elements of the data minimization principle? (Select two.)","Only keep data for as long as it is needed|Only compress data that needs to be kept as small as possible|Only collect data that is strictly necessary|Only delete data that can be easily replaced","0|2","Nguyên tắc tối thiểu hóa dữ liệu ('data minimization') yêu cầu chỉ thu thập những dữ liệu thực sự cần thiết ('strictly necessary') và chỉ lưu trữ trong thời gian cần thiết."
71,multiple_choice,"Which of the following are logical arguments in favor of an organization maintaining compliance? (Select two.)","Reduced costs of development|Reduced time to deployment|Avoidance of reputational damage|Long-term cost savings due to avoiding fines","2|3","Duy trì tuân thủ pháp luật (compliance) giúp tổ chức tránh bị thiệt hại về danh tiếng ('Avoidance of reputational damage') và tiết kiệm chi phí dài hạn nhờ tránh bị phạt ('cost savings')."
72,single_choice,"How does increasing AI performance often conflict with the desire for explainability?","Increasing AI performance sometimes leads to greater model complexity, making it more difficult to explain decision-making processes.|Increasing AI performance sometimes leads to certain evaluation metrics no longer being useful, making it more difficult to explain decision-making processes.|Increasing AI performance sometimes removes human-in-the-loop (HITL) methods, making it more difficult to explain decision-making processes.|Increasing AI performance sometimes reduces the transparency of input data used in training, making it more difficult to explain decision-making processes.","0","Mô hình AI càng hiệu suất cao thường càng phức tạp ('greater model complexity'), dẫn đến việc đánh đổi bằng khả năng giải thích bị giảm đi."
73,single_choice,"Which of the following explains why efficiency can sometimes incur systemic fragility?","Increased efficiency tends to create cost savings|High-efficiency machines often require more maintenance|Increased efficiency tends to compound over time|Efficiency benefits may lead to complex second-order costs","3","Tối ưu hóa hiệu suất quá mức có thể dẫn đến hệ lụy thứ cấp phức tạp ('complex second-order costs'), làm cho hệ thống trở nên mong manh (systemic fragility)."
74,multiple_choice,"Which of the following are possible benefits of a human-in-the-loop (HITL) architecture? (Select two.)","Eliminating the potential for human error in decision making|Improving the speed of autonomous decision making|Mitigating excessive scope or potential collateral damage|Balancing the negative effects of an AI system on people with the effects on environments and objects","2|3","Kiến trúc 'Human-in-the-loop' (con người trong vòng lặp) giúp giảm thiểu thiệt hại ngoài ý muốn ('Mitigating collateral damage') và cân bằng tác động tiêu cực của AI lên con người."
75,single_choice,"How does the ""virtuous cycle"" that benefits Big Tech operate?","Better classes of customers lead to richer and more refined data for algorithmic systems.|By acting virtuous, the public respects Big Tech more and more.|Data-driven algorithms improve solutions, leading to new customers, and better data.|Organizations write algorithms with fewer biases, which leads to fairer outcomes.","2","Vòng lặp đạo đức (virtuous cycle) của Big Tech: Thuật toán tốt hơn mang lại giải pháp tốt hơn, từ đó thu hút khách hàng và có thêm dữ liệu tốt hơn ('improve solutions...')."
76,single_choice,"Which of the following is often in opposition to moral relativism?","Customs and conventions|Cultural mores|Subjective perspectives|Evidence-based policy","3","Chủ nghĩa tương đối về đạo đức (moral relativism) thường mâu thuẫn với các chính sách dựa trên bằng chứng ('Evidence-based policy') vốn đòi hỏi tính khách quan."
77,multiple_choice,"Which of the following are important aspects of resolving complex and confounding business pressures? (Select two.)","Prioritizing ethical and safety concerns over business desires in all cases and situations|Assuring everyone that their desires can be accommodated without compromise|Managing expectations that not everyone can get what they want, when they want it|Engaging with multiple stakeholders to understand their particular needs","2|3","Để giải quyết áp lực kinh doanh phức tạp, cần quản lý kỳ vọng ('Managing expectations') và tương tác với nhiều bên liên quan để hiểu nhu cầu của họ ('Engaging with multiple stakeholders')."
78,multiple_choice,"You plan on streamlining your company's product experience, but you also want to uphold the agency and autonomy of your users. Which of the following actions would uphold these principles? (Select two.)","Enabling government agencies to have a personalized interface with software|Respecting the right of the user to choose and customize their experiences|Applying machine intelligence to simulate customer behavior|Refraining from guiding users into something they didn't wish for or intend","1|3","Để bảo vệ quyền tự chủ của người dùng, hãy tôn trọng quyền lựa chọn của họ ('choose and customize'), đồng thời không lừa ép họ làm điều họ không muốn ('Refraining from guiding users')."
79,multiple_choice,"Which of the following describe corporate hegemony? (Select two.)","Making multiple investments in a similar space to improve the outcomes of success|Spending large sums on corporate branding and marketing|Locking out smaller players, leading to monopolies or cartels|Consolidating interests through mergers and acquisitions","2|3","Bá quyền doanh nghiệp ('Corporate hegemony') được thể hiện qua việc chặn đứng đối thủ nhỏ để tạo độc quyền ('Locking out smaller players') và thâu tóm thông qua sáp nhập ('mergers and acquisitions')."
80,multiple_choice,"Which of the following are ways that regulations differ from ethical frameworks? (Select two.)","Regulations have legal enforcement behind them.|Regulations are often industry led.|Regulations provide a clear basis for potential litigation.|Regulations are flexible in their implementation.","0|2","Các quy định pháp luật (Regulations) khác với khung đạo đức ở chỗ chúng có chế tài cưỡng chế ('legal enforcement') và là cơ sở rõ ràng cho các vụ kiện tụng ('basis for potential litigation')."
81,single_choice,"Your business handles the personal data of California residents. Which of the following regulations would enable a resident to request that their data be deleted from your company's files?",". COPPA|CCPA|PCI DSS|OECD Privacy Guidelines","1","CCPA (Đạo luật Quyền riêng tư của Người tiêu dùng California) cấp cho cư dân quyền yêu cầu doanh nghiệp xóa dữ liệu cá nhân của họ."
82,multiple_choice,"Which of the following does the Brazilian General Data Protection Act (LGPD) mandate? (Select two.)","Data protection analysts|Data protection audits|Data protection impact assessments|Data protection officers","2|3","Đạo luật LGPD của Brazil bắt buộc các tổ chức phải thực hiện đánh giá tác động bảo vệ dữ liệu ('Data protection impact assessments') và chỉ định Nhân viên bảo vệ dữ liệu ('Data protection officers')."
83,single_choice,"Which of the following is a standard or regulation that focuses on ensuring the implementation of strong cybersecurity techniques like network security and cryptography to protect data?","PCI DSS|PIPEDA|FERPA|POPI","0","PCI DSS là tiêu chuẩn an ninh dữ liệu thẻ thanh toán, tập trung vào an ninh mạng và mã hóa để bảo vệ dữ liệu giao dịch."
84,multiple_choice,"Which of the following are requirements set forth by the Biometric Information Privacy Act (BIPA)? (Select two.)","Organizations must not transmit biometric data across an unsecured network like the Internet.|Organizations must obtain consent from individuals regarding the collection and use of biometric data.|Organizations must store biometric data in local, on-premises databases.|Organizations must destroy biometric data in a timely fashion.","1|3","Đạo luật BIPA yêu cầu phải có sự đồng ý của cá nhân khi thu thập dữ liệu sinh trắc học ('obtain consent') và phải hủy bỏ dữ liệu này kịp thời ('destroy biometric data')."
85,single_choice,"The Children's Online Privacy Protection Act (COPPA) safeguards the privacy of which age group's personal information?","Anyone between 5 and 13 years old|Anyone under 18 years old|Anyone under 13 years old|Anyone between 13 and 18 years old","2","Đạo luật COPPA bảo vệ quyền riêng tư trực tuyến của trẻ em dưới 13 tuổi ('Anyone under 13 years old')."
86,multiple_choice,"Which of the following are advantages to adopting standards frameworks like ISO 27000? (Select two.)","Formal certification processes that provide competitive advantage|Technology-specific focus and precise implementation instructions|Regulatory weight and legal enforcement|International support, recognition, and involvement","0|3","Áp dụng khung tiêu chuẩn như ISO 27000 mang lại chứng nhận chính thức tạo lợi thế cạnh tranh ('Formal certification processes') và được quốc tế công nhận ('International support, recognition')."
87,single_choice,"Which of the following is a notable aspect of the Personal Information Protection and Electronic Documents Act (PIPEDA) when compared to similar laws and regulations?","The early date of its inauguration|Its exclusive focus on a single domain rather than a breadth of domains|Its nationwide scope and specific national focus|A stipulation to continue providing service even if data usage is denied","3","Luật PIPEDA của Canada nổi bật vì nó bao gồm quy định doanh nghiệp phải tiếp tục cung cấp dịch vụ ngay cả khi người dùng từ chối chia sẻ dữ liệu ('stipulation to continue providing service')."
88,single_choice,"Which of the following resources does the National Institute of Standards and Technology (NIST) provide to organizations?","Industrial configurations|Reference materials|Measurement technologies|Security tools","1","Viện Tiêu chuẩn và Công nghệ Quốc gia Hoa Kỳ (NIST) cung cấp các tài liệu tham khảo ('Reference materials') hướng dẫn về an ninh và quyền riêng tư."
89,multiple_choice,"Which of the following ethical domains does the IEEE 7000 series explore? (Select two.)","Emulated empathy|Fair competition|Machine-readable privacy terms|Personnel safety","0|2","Chuỗi tiêu chuẩn IEEE 7000 khám phá các lĩnh vực đạo đức phức tạp như 'Emulated empathy' (Sự thấu cảm mô phỏng) và 'Machine-readable privacy terms' (Điều khoản quyền riêng tư máy đọc được)."
90,multiple_choice,"Which of the following are tasks in the overall risk management process? (Select three.)","Identification|Mitigation|Deployment|Analysis|Elimination","0|1|3","Quy trình quản lý rủi ro tổng thể bao gồm 3 bước chính: Nhận diện ('Identification'), Phân tích ('Analysis'), và Giảm thiểu ('Mitigation')."
91,multiple_choice,"Which of the following risk analysis methods use words like ""likely,"" ""unlikely,"" and ""rare"" to describe the likelihood of risk, and words like ""low,"" ""medium,"" and ""high"" to describe the impact of risk? (Select two.)","Qualitative analysis|Semi-quantitative analysis|Quantitative analysis|Semi-qualitative analysis","0|1","Phân tích định tính ('Qualitative') dùng từ ngữ mô tả, trong khi Bán định lượng ('Semi-quantitative') kết hợp thang điểm số với từ ngữ để đánh giá mức độ rủi ro."
92,single_choice,"Which of the following is not a valid risk response technique?","Accept|Ignore|Transfer|Avoid","1","Bỏ qua ('Ignore') không phải là một kỹ thuật ứng phó rủi ro hợp lệ. Các kỹ thuật chuẩn là: Chấp nhận, Chuyển giao, Giảm thiểu và Tránh né."
93,multiple_choice,"Which of the following statements are correct about a variable that is normally distributed? (Select two.)","The tails of a normal distribution are denser than the center.|The variable's distribution, when graphed, exhibits a symmetrical bell shape.|Less than half of all measurements fall within one standard deviation of the mean.|The mean, median, and mode of all measurements is the same, and all are located at the center of the distribution.","1|3","Trong phân phối chuẩn (normal distribution), đồ thị có dạng hình chuông đối xứng ('symmetrical bell shape'), và Mean, Median, Mode đều bằng nhau nằm ở trung tâm ('mean, median, mode is the same')."
94,single_choice,"Which of the following statements accurately describes variance?","Variance measures the shape of the tails in a distribution relative to the center.|Variance measures how far a data example is from the mean.|Variance measures the error between predicted values and actual values.|Variance measures how much a variable's distribution differs from a normal distribution.","1","Phương sai ('Variance') đo lường mức độ phân tán của dữ liệu, tức là khoảng cách từ một điểm dữ liệu đến giá trị trung bình ('how far a data example is from the mean')."
95,single_choice,"In the following scatter plot, the GrossIncome variable is plotted against the Revenue variable. What type of correlation does this plot suggest?","There is a weak positive correlation between both variables.|There is a strong negative correlation between both variables.|There is a strong positive correlation between both variables.|There is a weak negative correlation between both variables.","2","Biểu đồ phân tán (scatter plot) cho thấy 2 biến cùng tăng, biểu thị mối tương quan dương mạnh ('strong positive correlation')."
96,single_choice,"How do AI and other data-driven technologies use probability?","By determining the objective likelihood of some event happening|By providing a model of belief about the likelihood of some event happening|By guaranteeing that some event will occur with 100% likelihood|By estimating the likelihood of some event happening without input data","1","AI sử dụng xác suất để cung cấp một mô hình niềm tin về khả năng xảy ra của một sự kiện ('model of belief about the likelihood') dựa trên dữ liệu hiện có."
97,single_choice,"You have a dataset of customers that includes each customer's gender, location, and other personal attributes. The label you are trying to predict is how much sales revenue each customer is likely to generate for the business based on these attributes. What type of machine learning outcome is this problem suited for?","Regression|Clustering|Classification|Dimensionality reduction","0","Khi bạn dự đoán một giá trị liên tục (doanh thu bán hàng - sales revenue), bài toán học máy này thuộc loại Hồi quy ('Regression')."
98,single_choice,"You're training a model to classify whether or not a bridge is likely to collapse given several factors. You have a dataset of thousands of existing bridges and their attributes, where each bridge is labeled as having collapsed or not collapsed. Only a handful of bridges in the dataset are labeled as having collapsed—the rest are labeled as not collapsed. Given your goal of minimizing bridge collapse and the severe harm it can cause, which of the following metrics would be most useful for evaluating the model?","Confusion matrix|Accuracy|Precision|Recall","3","Trong bài toán mất cân bằng dữ liệu nghiêm trọng và hậu quả lớn (sập cầu), 'Recall' (Độ nhạy) là thước đo tốt nhất để đảm bảo không bỏ sót bất kỳ cây cầu nào có nguy cơ sập."
99,single_choice,"Which of the following metrics is used to evaluate a linear regression machine learning model?","Goodhart's Law|Receiver operating characteristic (ROC)|Cost function|Accuracy","2","'Cost function' (Hàm chi phí) là chỉ số được sử dụng để đánh giá sai số của mô hình học máy Hồi quy tuyến tính (Linear regression)."
100,single_choice,"Which of the following best describes a marketing persona?","A character that encapsulates a brand's personality|An individual who assists with the activity of marketing|A description of a type of character based upon demographics, habits, and interests|The emotional impression that a customer has about a product or category of goods","2","'Marketing persona' (Chân dung khách hàng) là bản mô tả một kiểu nhân vật đại diện dựa trên nhân khẩu học, thói quen và sở thích ('demographics, habits, and interests')."

101,single_choice,"Which of the following best describes the use case for zero-knowledge protocols (ZKPs)?","Being made aware of when the battery in a product is past its zero point|Choosing what to do when you have zero knowledge of a subject|Handling divide-by-zero errors in computing software|Proving that something exists, but not the specifics","3","ZKPs (Giao thức không tri thức) cho phép một bên chứng minh với bên kia rằng một điều gì đó là đúng (ví dụ: tôi trên 18 tuổi) mà không cần tiết lộ chi tiết cụ thể (ngày sinh chính xác)."
102,multiple_choice,"Which of the following elements constitute PII? (Select two.)","Cookies and tokens|Device IDs|Passport numbers|Telephone numbers","2|3","PII (Thông tin định danh cá nhân) bao gồm số hộ chiếu ('Passport numbers') và số điện thoại ('Telephone numbers') vì chúng định danh trực tiếp cá nhân."
103,multiple_choice,"Which of the following elements should be communicated with end users when negotiating ethical access to a user's data? (Select two.)","The intention behind a certain activity or request|An offer of money or other incentives to relinquish user's rights|A request for consent to perform an action|The monetary value of that data","0|2","Khi thương lượng quyền truy cập dữ liệu, người dùng cần biết ý định đằng sau ('intention behind a certain activity') và hệ thống phải có yêu cầu xin phép ('request for consent')."
104,single_choice,"Which of the following describes the technique of homomorphic encryption?","A method of performing operations on encrypted data.|A method of swapping public and private keys between hosts.|A method of mitigating biased algorithms through enhanced secrecy.|A method of cryptography that hides data inside other data.","0","Homomorphic encryption (Mã hóa đồng hình) cho phép thực hiện các tính toán trực tiếp trên dữ liệu đã mã hóa ('operations on encrypted data') mà không cần giải mã trước."
105,multiple_choice,"Which of the following describe aspects of secondary data usage that might increase ethical risks? (Select two.)","Encryption of data makes it harder to process|Data applied to secondary purposes may expose private aspects or diminish personal dignity|Additional organizations and processors may now have access to the data|Secondary data may be more expensive","1|2","Sử dụng dữ liệu thứ cấp có rủi ro ở chỗ nó có thể phơi bày các khía cạnh riêng tư ('expose private aspects') và cho phép thêm nhiều tổ chức khác tiếp cận dữ liệu ('Additional organizations... have access')."
106,multiple_choice,"Which of the following provide a user with more meaningful choices regarding how their data is being used? (Select two.)","The format that the data is stored in|Granular or modular control over data usage|Opt-out/opt-in mechanisms|Whether the data is used by a person of a certain gender","1|2","Quyền kiểm soát chi tiết ('Granular or modular control') và cơ chế chọn tham gia/từ chối ('Opt-out/opt-in mechanisms') mang lại cho người dùng sự lựa chọn có ý nghĩa."
107,multiple_choice,"Which of the following refer to legal regulations or industry frameworks for protecting data? (Select two.)","HIPAA|CE mark|ISO 9000|NIST Privacy Framework","0|3","HIPAA (Đạo luật trách nhiệm giải trình y tế) và Khung quyền riêng tư NIST ('NIST Privacy Framework') là các quy định/khung tiêu chuẩn bảo vệ dữ liệu."
108,multiple_choice,"Which of the following are prerequisites for high-level digital security and trust mechanisms? (Select two.)","Authentication|Authorization|Reputation|Kindness","0|1","Xác thực ('Authentication' - xác nhận danh tính) và Phân quyền ('Authorization' - cấp quyền truy cập) là hai điều kiện tiên quyết cho các cơ chế tin cậy kỹ thuật số."
109,multiple_choice,"Which of the following describe a process of cross-correlation of data? (Select two.)","Comparing multiple data points or sets|Comparing people of different demographic groups|Discovering new information via inference|Analysing an individual's emotional stimulus and response patterns","0|2","Tương quan chéo (cross-correlation) là quá trình so sánh nhiều điểm dữ liệu ('Comparing multiple data points') để khám phá thông tin mới thông qua suy luận ('Discovering new information via inference')."
110,single_choice,"What does the acronym RACI stand for?","Responsible, Accountable, Consulted, Informed|Redesignable, Accessible, Collected, Informative|Relatable, Agreeable, Commendable, Irascible|Responsible, Accessible, Consulted, Improvised","0","RACI là ma trận phân định trách nhiệm bao gồm: Responsible (Người thực hiện), Accountable (Người chịu trách nhiệm giải trình), Consulted (Người được tham vấn), Informed (Người được thông báo)."
111,single_choice,"Which of the following describes extrajudicial judgment?","A ruling or scoring made outside of a court.|Unusual interpretation of law outside of its typical meaning.|Applying law from one jurisdiction within another.|Transferring defendants from one jurisdiction to another for trial.","0","Phán quyết ngoài tư pháp ('extrajudicial judgment') là phán quyết hoặc chấm điểm được đưa ra bên ngoài hệ thống tòa án chính thức ('outside of a court')."
112,multiple_choice,"Which of the following elements might be considered moderately affected in an Impact Level 2 Algorithmic Impact Assessment? (Select two.)","The health and well-being of individuals or communities.|A brief delay in the conveyance of a commercial transaction.|The rights of individuals or communities.|A loss of life resulting from specific circumstances.","0|2","Đánh giá Tác động Thuật toán Mức độ 2 (Impact Level 2) thường có thể tác động vừa phải đến sức khỏe/hạnh phúc ('health and well-being') và quyền lợi ('rights of individuals') của cộng đồng."
113,single_choice,"Which of the following describes automation bias?","Bias of people towards overly trusting in automation.|Bias against automation by people worried about their jobs.|Bias enabled or perpetuated by machine learning.|Bias that is subconscious, committed during a state of automata.","0","Automation bias (Thiên kiến tự động hóa) là việc con người có xu hướng quá tin tưởng vào máy móc và hệ thống tự động ('overly trusting in automation')."
114,multiple_choice,"Which of the following are likely benefits of having defined organizational policies? (Select two.)","It supports consistency of behavior and unification of culture.|It supports improved sales and marketing results.|It supports accountability and makes it more explicit.|It supports profitable research innovations and intellectual property.","0|2","Chính sách tổ chức giúp duy trì sự nhất quán trong hành vi và văn hóa ('consistency of behavior'), đồng thời làm rõ trách nhiệm giải trình ('accountability')."
115,single_choice,"How might a non-stochastic decision tree be considered a black box algorithm?","If the model is far too complex to be readily understood by human beings.|If the model is expressed in an annotated visual form.|If the algorithm is contained within an embedded system.|If the algorithm serves as part of a data recorder.","0","Cây quyết định phi ngẫu nhiên vốn dĩ minh bạch, nhưng nó sẽ thành 'hộp đen' nếu quá phức tạp để con người có thể hiểu được ('far too complex to be readily understood')."
116,multiple_choice,"Which of the following are potential ethical benefits of conducting pilot testing prior to the release of emerging technologies? (Select two.)","It reveals any gaps in accountability or auditability.|It certifies that a product's developers are legally accountable.|It demonstrates that the system is functional as early as possible in order to satisfy senior management and investor stakeholders.|It minimizes the impact of any ethical issues which may emerge.","0|3","Thử nghiệm thí điểm (pilot testing) giúp phát hiện các lỗ hổng về trách nhiệm giải trình ('reveals any gaps in accountability') và giảm thiểu rủi ro đạo đức ('minimizes the impact')."
117,multiple_choice,"Which of the following are important steps to document during an auditing process? (Select two.)","Specify and document what precisely is being audited.|Specify a purpose for the audit or an agenda to be covered.|Provide significant advance notice before an audit.|Document the audit procedures to be followed.","0|3","Trong quy trình kiểm toán, cần xác định rõ mục đích/chương trình kiểm toán ('Specify a purpose/agenda') và ghi chép lại các quy trình ('Document the audit procedures')."
118,multiple_choice,"Which of the following are common key performance indicators (KPIs) within dashboards of data-driven systems? (Select two.)","Earnings before interest, taxes, depreciation, and amortization (EBITDA)|Performance metrics, such as accuracy and cost functions|Model training time|Operating cashflow forecast","1|2","Các dashboard KPI thường hiển thị chỉ số hiệu suất như độ chính xác/hàm chi phí ('Performance metrics') và thời gian huấn luyện mô hình ('Model training time')."
119,multiple_choice,"Which of the following are likely examples of a leverageable third party data-driven or data-related product? (Select two.)","Management oversight|Product design lifecycle|Compiled models|Data annotation and augmentation tools","2|3","Sản phẩm dữ liệu bên thứ ba có thể tận dụng bao gồm các mô hình đã được biên dịch sẵn ('Compiled models') và công cụ gán nhãn/tăng cường dữ liệu ('Data annotation... tools')."
120,single_choice,"Which of the following is an explainability risk of self-learning models?","Self-learning models are black boxes whose decisions cannot be understood.|Self-learning models are unable to generate decisions as output.|Self-learning models can corrupt data or otherwise make it unreadable.|Self-learning models may introduce new data you're unaware of.","3","Mô hình tự học (self-learning models) có rủi ro về khả năng giải thích vì chúng có thể tự nạp thêm các dữ liệu mới mà bạn không hề hay biết ('introduce new data you\'re unaware of')."
121,single_choice,"Which of the following is a transparency risk of closed source software?","Closed source software cannot be reviewed by the organization that developed it.|Closed source software may not be accessible to independent auditors.|Closed source software includes obfuscated code that cannot be read by a human.|Closed source software cannot be shared with business partners.","1","Rủi ro minh bạch của phần mềm mã nguồn đóng là các kiểm toán viên độc lập không thể tiếp cận để kiểm tra ('may not be accessible to independent auditors')."
122,single_choice,"Which of the following is an effort to turn black box AI models into models whose decisions are easier to understand?","Explainable AI|Self-learning models|Human-in-the-loop|Neural networks","0","Explainable AI (AI có thể giải thích) là nỗ lực làm cho các mô hình AI 'hộp đen' trở nên minh bạch và các quyết định của chúng dễ hiểu hơn."
123,single_choice,"You want to solicit feedback from users who are seeking explanations about your AI products and services. So, you decide to place a form on your marketing website that users can fill out. Which of the following is the best way to structure that form for the purpose of collecting useful feedback?","Provide a large, unrestricted text box where users can enter their thoughts at length.|Provide a series of yes or no questions with radio buttons where users select their respective answers.|Provide a series of open questions with a single-line entry field where users can provide short answers.|Provide a drop-down menu of feedback categories that users can select from, with a promise that you'll follow up via email.","0","Để thu thập phản hồi hữu ích, nên cung cấp một ô văn bản lớn, không hạn chế ('large, unrestricted text box') để người dùng tự do trình bày suy nghĩ."
124,single_choice,"You're the recipient of some data collected by a third party that you'll use in training an AI model. As per your business agreement, the third-party discloser of the data requests that you explain how you plan to use the data. At what point in the process should you provide this explanation?","At the point of evaluating the model.|At the point of training the model.|At the point of collecting the data.|At the point of planning the AI system.","2","Khi bên thứ ba yêu cầu giải thích cách bạn sẽ dùng dữ liệu, bạn nên cung cấp thông tin này ngay tại thời điểm thu thập dữ liệu ('point of collecting the data')."
125,multiple_choice,"Which of the following are potential training data inadequacies that you should communicate to your users in support of transparency? (Select two.)","Any known bias in the sample data.|The amount of time it took to collect the data.|Any missing values in the dataset and how they were handled.|The relatively large size of a dataset used in training.","0|2","Để đảm bảo minh bạch, cần báo cho người dùng biết về thiên kiến đã biết trong dữ liệu ('known bias in the sample data') và cách xử lý dữ liệu bị thiếu ('missing values')."
126,single_choice,"Which of the following is a technique used by the Python tool Alibi to produce a subset of features that will usually result in the same model prediction?","Local Interpretable Model-Agnostic Explanations|Perturbation|Anchor Explanations|Shapley value","2","Anchor Explanations (Giải thích mỏ neo) là kỹ thuật tạo ra một tập hợp con các đặc trưng đủ mạnh để 'neo' dự đoán của mô hình, đảm bảo kết quả không đổi."
127,single_choice,"Which of the following Python tools is designed to integrate with Google's Cloud AI platform?","SHAP|LIME|ELI5|What-If","3","Công cụ What-If (WIT) của Google được thiết kế đặc biệt để tích hợp mượt mà với nền tảng Google Cloud AI."
128,multiple_choice,"Which of the following are typically true when comparing the LIME tool with the SHAP tool? (Select two.)","LIME supports fewer types of models than SHAP.|LIME supports more programming languages than SHAP.|LIME outputs results faster than SHAP.|LIME is less accurate than SHAP.","2|3","So với SHAP, công cụ LIME thường xuất kết quả nhanh hơn ('outputs results faster') nhưng lại kém chính xác hơn ('less accurate')."
129,single_choice,"Which of the following types of bias emerges when the same data is sampled over and over again, limiting a model's perspective?","Reinforcement bias|Confirmation bias|Temporal bias|Implicit bias","0","Thiên kiến củng cố (Reinforcement bias) xảy ra khi cùng một dữ liệu được lấy mẫu lặp đi lặp lại, khiến mô hình bị giới hạn góc nhìn."
130,single_choice,"Why is a model that has been overfitted to its training data a source of fairness risk?","Because the model includes too much noise.|Because the model is too complex.|Because the model has a temporal bias.|Because the model won't generalize to the entire population.","3","Overfitting (Quá khớp) gây rủi ro công bằng vì mô hình học thuộc lòng dữ liệu huấn luyện nhưng không thể tổng quát hóa cho toàn bộ dân số thực tế ('won\'t generalize to the entire population')."
131,single_choice,"Which type of edge case is caused by data outside the normal distribution?","Errors|Overfitting|Noise|Outliers","3","Dữ liệu nằm ngoài phân phối chuẩn (normal distribution) tạo ra các trường hợp ngoại lệ ('Outliers'), gây khó khăn cho mô hình học máy."
132,single_choice,"Which of the following is a function of exploratory data analysis (EDA)?","To evaluate the methods used to collect the data.|To evaluate the quality of data before it is used to train a model.|To evaluate the decisions made by the model after training on the data.|To evaluate the organization's project management structure for the AI project.","1","Phân tích dữ liệu khám phá (EDA) có chức năng đánh giá chất lượng và hiểu dữ liệu trước khi dùng nó để huấn luyện mô hình ('evaluate the quality of data before...')."
133,single_choice,"How can persona modeling be used to identify potential biases in a machine learning model?","The persona may show that specific users are a source of bias.|The persona may represent groups of people that could be susceptible to bias.|The persona may identify noise and other edge cases that lead to bias.|The persona may reveal overfitting issues in a model that result from bias.","1","Lập mô hình chân dung khách hàng (persona modeling) giúp nhận diện các nhóm người cụ thể có thể là đối tượng dễ bị tổn thương bởi thiên kiến ('susceptible to bias')."
134,single_choice,"In a classification model that determines whether or not a customer qualifies for a coupon, a significantly lower percentage of males qualified than females. Which of the following types of discrimination does this outcome potentially represent?","Disparate impact|Disparate non-impact|Disparate mistreatment|Disparate treatment","0","'Disparate impact' (Tác động không đồng đều) xảy ra khi một chính sách có vẻ trung lập nhưng lại gây ra tỷ lệ bất lợi cao hơn hẳn cho một nhóm người cụ thể."
135,single_choice,"Which of the following describes the purpose of a STEEPV analysis?","To perform a strategic analysis of how external environments impact business operations.|To perform a strategic analysis of how internal office politics impact business operations.|To perform a strategic analysis of user needs and behaviors.|To perform a strategic analysis of how bias can manifest in AI products.","0","STEEPV là khung phân tích chiến lược về cách các yếu tố môi trường bên ngoài ('external environments') tác động đến hoạt động kinh doanh."
136,multiple_choice,"Which of the following are best practices for incorporating inclusive design in AI projects? (Select two.)","Leverage customer input to reduce bias.|Consider bias a spectrum.|Keep machines and humans separate.|Solve for many, extend to one.","0|1","Thiết kế bao hàm (inclusive design) khuyên nên xem thiên kiến là một phổ ('Consider bias a spectrum') và giải quyết vấn đề cho số đông sau đó mở rộng cho cá nhân ('Solve for many, extend to one')."
137,single_choice,"Which of the following describes the AI Fairness 360 project?","A checklist for machine learning practitioners to follow when training fair AI models.|An AI product that represents a completely fair model for AI practitioners to use as a benchmark.|An open source library that evaluates models for bias and provides mitigation tactics to reduce that bias.|A global initiative that promotes fairness in AI through seminars, conferences, and other community-driven activities.","2","AI Fairness 360 là một thư viện mã nguồn mở ('open source library') cung cấp các bộ lọc và thuật toán giảm thiểu thiên kiến cho mô hình học máy."
138,single_choice,"What is the primary advantage of radioactive data tracing over past techniques that modify input in order to determine whether or not that input was used in training?","Radioactive data tracing makes the modification perceptible to human beings.|Radioactive data tracing doesn't impact a model's performance.|Radioactive data tracing targets language-based input.|Radioactive data tracing can be used to modify the label.","1","Truy vết dữ liệu phóng xạ (radioactive data tracing) có ưu điểm là nó không làm giảm hiệu suất hoạt động của mô hình ('doesn\'t impact a model\'s performance')."
139,single_choice,"What does the acronym SIEM stand for in a cybersecurity context?","Social, interpersonal, empathic, mental|Selective information extrapolation methods|Security information and event management|Serial input to externalized modulation","2","SIEM (Security information and event management) là hệ thống Quản lý sự kiện và thông tin bảo mật."
140,multiple_choice,"Which of the following sources does a SIEM system typically pull data from? (Select two.)","System event logs|Personnel emails|Network intrusion detection alerts|Encrypted personal data","0|2","SIEM thu thập dữ liệu chủ yếu từ nhật ký sự kiện hệ thống ('System event logs') và cảnh báo phát hiện xâm nhập mạng ('Network intrusion detection alerts')."
141,multiple_choice,"Which of the following are likely to be found within a penetration test rules of engagement (ROE)? (Select two.)","What methods of attack are legitimate|The appropriate length and complexity of employee passwords|What systems may be targeted|How long CCTV camera recordings should be maintained","0|2","Quy tắc tham gia (ROE) của kiểm thử thâm nhập cần nêu rõ mục tiêu nào được phép tấn công ('What systems may be targeted') và phương pháp nào hợp lệ ('What methods... are legitimate')."
142,single_choice,"Which team typically oversees penetration test operations and adherence to the rules of engagement (ROE)?","Purple team|Blue team|Red team|White team","3","Nhóm Trắng ('White team') thường đóng vai trò trọng tài, giám sát hoạt động thử nghiệm thâm nhập để đảm bảo tuân thủ ROE."
143,multiple_choice,"Which of the following benefits can be gained from establishing baseline system behaviors? (Select two.)","Holding employees more accountable|Tracking deviance from norms|Optimizing costs of operation|Restoring compromised functionality through a system rollback","1|3","Thiết lập hành vi hệ thống cơ sở giúp phát hiện những sai lệch so với chuẩn mực ('Tracking deviance') và tối ưu hóa chi phí vận hành ('Optimizing costs')."
144,single_choice,"Which of the following could Nmap, Wireshark, or Metasploit be applied to for ethical purposes?","Business continuity planning|Persona modeling|Criminal exploitation|Attack simulations","3","Nmap, Wireshark, Metasploit là các công cụ bảo mật có thể dùng để thực hiện Mô phỏng tấn công ('Attack simulations') nhằm kiểm tra lỗ hổng mạng."
145,single_choice,"What does the initialism CIA stand for in a data security context?","Compliance, integrity, accountability|Communicability, interpretation, accessibility|Conformity, influence, adaptation|Confidentiality, integrity, availability","3","CIA Triad trong bảo mật là: Tính bảo mật ('Confidentiality'), Tính toàn vẹn ('Integrity'), Tính sẵn sàng ('Availability')."
146,single_choice,"SSL, TLS, and SSH are all forms of...","Computer forensics tools|Media codecs|Version control systems|Encryption protocols","3","SSL, TLS, và SSH đều là các giao thức mã hóa mạng ('Encryption protocols')."
147,single_choice,"What does the acronym CSIRT stand for in a security context?","Computer security immediate readiness tools|Computer science, Internet, real-time interaction, technology|Cybersecurity incident response team|Conformance strategy, immutability, reliability, trustworthiness","2","CSIRT (Cybersecurity incident response team) là Đội ứng phó sự cố an ninh mạng."
148,single_choice,"In which of the following could STRIDE or VAST classifications be applied?","Threat modeling or analysis tools|Black box mitigation methods|Bias mitigation techniques|Network optimization tools","0","STRIDE và VAST là các phương pháp tiếp cận được dùng trong Phân tích và mô hình hóa mối đe dọa ('Threat modeling or analysis tools')."
149,multiple_choice,"Why is it important to categorize ethical risks into different types? (Select two.)","It helps us consider risk mitigation in terms of universal tactics that apply to all potential kinds of ethical risk.|It helps us understand the many complexities involved in different types of ethical risks.|It makes it easier for us to identify and manage different types of risks.|It ensures that customers and other external stakeholders know that we take ethical risks seriously.","1|2","Phân loại rủi ro đạo đức giúp hiểu rõ sự phức tạp của từng loại ('understand the many complexities') và giúp dễ dàng nhận diện, quản lý rủi ro hơn ('easier for us to identify and manage')."
150,multiple_choice,"Which of the following communication tactics help uphold transparency and explainability from the customer perspective? (Select two.)","Providing prompt responses to customer questions about the decisions made by data-driven systems.|Providing information about data-driven systems in simple, easy-to-understand terms.|Providing in-depth white papers on the algorithms that underlie data-driven systems.|Providing guidelines for how customers can keep their private data secure when using data-driven systems.","0|1","Để duy trì minh bạch, hãy phản hồi nhanh chóng câu hỏi của người dùng ('prompt responses') và giải thích hệ thống bằng ngôn ngữ đơn giản, dễ hiểu ('simple, easy-to-understand terms')."
151,single_choice,"Why is it important to engage stakeholders at the beginning of the ethical risk management process?","It lets stakeholders know that the organization cannot address ethical risks in data-driven systems without input from stakeholders first.|It demonstrates that the organization is committed to accountability and transparency in their data-driven systems.|It helps the organization avoid legal trouble during the development and deployment of data-driven systems.|It proves that you are completely equipped to address any ethical risks in your data-driven systems.","1","Thu hút các bên liên quan ngay từ đầu chứng minh rằng tổ chức cam kết về trách nhiệm giải trình và tính minh bạch ('committed to accountability and transparency')."
152,multiple_choice,"Which of the following situations would most likely require communication to external stakeholders? (Select two.)","The organization's change management strategy has been modified.|The organization's AI product has a defect and needs to be recalled.|The organization plans to adopt a new ethical framework to support the implementation of an AI system.|The organization's data-driven service will receive an update that enhances its accuracy.","1|3","Cần thông báo ra bên ngoài khi sản phẩm AI bị lỗi và cần thu hồi ('AI product has a defect') hoặc khi tổ chức áp dụng một khung đạo đức mới ('adopt a new ethical framework')."
153,multiple_choice,"Which of the following are useful strategies for communicating ethical risks to the organization? (Select two.)","Communicate information in real time|Disseminate information in multiple formats|Provide information only when solicited|Communicate information through a single voice","0|1","Truyền đạt rủi ro đạo đức trong nội bộ nên diễn ra theo thời gian thực ('real time') và thông qua nhiều định dạng khác nhau ('multiple formats')."
154,multiple_choice,"Which of the following are useful strategies for communicating ethical risks to society? (Select two.)","Ensure communication policies are diverse, inclusive, and equitable|Be culturally sensitive and culturally aware during communication|Limit the flow of information to one direction: organization to public|Provide access to information on a need-to-know basis","0|1","Khi truyền thông cho xã hội, phải đảm bảo các chính sách công bằng, bao hàm ('diverse, inclusive, and equitable'), và nhạy cảm về văn hóa ('culturally sensitive')."
155,single_choice,"When conducting a business impact assessment (BIA), why is it important to interview or survey personnel at the ground level, not just managers and other higher-ups?","They are more likely to find the time to complete an interview or survey.|They are more likely to be candid and give forthright responses.|They may have more institutional knowledge about a subject than managers.|They have a greater obligation to answer questions.","2","Đánh giá tác động kinh doanh (BIA) cần phỏng vấn nhân viên cấp cơ sở vì họ nắm giữ những kiến thức thực tế về quy trình mà quản lý có thể không biết ('more institutional knowledge... than managers')."
156,single_choice,"As a result of failing to communicate ethical risks, the organization's reputation suffers and customers are less confident in the organization. What direct impact can this have?","The products or services the organization creates will have less of an impact in the marketplace.|Morale amongst internal personnel will drop, as will productivity.|The organization will be more likely to draw the attention of legal and regulatory auditors.|Customers will find it more difficult to use your products and services.","0","Hậu quả trực tiếp của việc mất uy tín là sản phẩm/dịch vụ của tổ chức sẽ giảm sức ảnh hưởng trên thị trường ('less of an impact in the marketplace')."
157,single_choice,"Which of the following should be conducted as part of a risk communication strategy in order to ensure the organization is upholding its regulatory obligations?","Business impact assessment (BIA)|Compliance audit|Ethical risk review|Public relations campaign","1","Kiểm toán tuân thủ (Compliance audit) là quá trình cần thiết để đảm bảo chiến lược truyền thông đáp ứng đầy đủ các nghĩa vụ pháp lý/quy định."
158,multiple_choice,"Which of the following are useful strategies for communicating ethical risks to the individual? (Select two.)","Ensure individuals feel that they have input into the process|Inform individuals of how they are obligated to mitigate risks to themselves|Communicate to individuals proactively rather than reactively|Ensure individuals understand the specific details of each risk they are affected by","0|2","Khi thông báo rủi ro cho cá nhân, hãy đảm bảo họ cảm thấy được góp ý ('input into the process') và nên thông báo một cách chủ động ('proactively rather than reactively')."
159,single_choice,"Which of the following is a best practice for incorporating diversity, equity, and inclusiveness in communication?","Reassure customers that the organization is diverse, equitable, and inclusive|Promote an organizational culture that embraces these values|Focus on the organization's intended message rather than incorporating feedback from external stakeholders|Ensure multiple groups of people based on race, gender, etc., are communicating in different ways","1","Cách tốt nhất để mang tính đa dạng vào truyền thông là xây dựng văn hóa tổ chức thực sự nuôi dưỡng các giá trị đó ('Promote an organizational culture that embraces these values')."
160,single_choice,"Which of the following is an important concept to consider as part of building an organizational philosophy?","Anticipating future implications of that philosophy|Considering internal stakeholder needs above all else|Putting ethical principles into practice|Adopting philosophies already created by other organizations","0","Khi xây dựng triết lý tổ chức, phải luôn dự đoán các ý nghĩa/tác động tương lai của triết lý đó ('Anticipating future implications')."
161,single_choice,"The endorsement of which of the following types of stakeholder is most critical when developing mission and vision statements?","Department heads|Employees|Customers|C-suite executives","1","Tuyên bố sứ mệnh và tầm nhìn cần nhất sự tán thành của Nhân viên ('Employees') vì họ là những người trực tiếp hiện thực hóa chúng."
162,single_choice,"Which of the following is a benefit of providing disclosure statements?","It creates an ethical framework from which the organization can operate.|It enables the organization to mitigate ethical risks.|It demonstrates that the organization lacks ethical conflicts.|It demonstrates that the organization has a commitment to openness.","3","Các tuyên bố công khai (disclosure statements) chứng minh rằng tổ chức có cam kết về tính cởi mở và minh bạch ('commitment to openness')."
163,single_choice,"Which of the following is the most important factor to consider when developing corporate reports?","Where the data used in the report comes from and how accurate it is|Who the intended audience of the report is|Who is the most qualified person to deliver the report|Whether or not it's necessary to include financial information in the report","0","Yếu tố quan trọng nhất của báo cáo doanh nghiệp là nguồn gốc và độ chính xác của dữ liệu ('Where the data... comes from and how accurate it is')."
164,multiple_choice,"Which of the following are important factors to consider when developing a media campaign? (Select two.)","The environment in which the campaign will be launched|The time-sensitive nature of communication in the campaign|The effect the campaign has on the organization's bottom line|The risks that will be talked about in the campaign","0|1","Khi phát triển chiến dịch truyền thông, hãy cân nhắc môi trường triển khai ('environment') và tính nhạy cảm về thời gian của thông điệp ('time-sensitive nature')."
165,multiple_choice,"Which of the following are distinguishing characteristics of a ""living"" public education campaign? (Select two.)","The campaign must be self-sustaining.|The campaign is continuously improved upon.|The campaign fosters a relationship between the organization and its stakeholders.|The campaign cannot be modified without the consent of the organization.","1|2","Chiến dịch giáo dục 'sống' là chiến dịch được cải tiến liên tục ('continuously improved upon') và giúp duy trì mối quan hệ lâu dài với các bên liên quan ('fosters a relationship')."
166,single_choice,"Which of the following is a best practice when participating in media inquiries? (Select two.)","Get your message out as quickly as possible|Only agree to speak to media outlets that are favorable to your organization|Ensure your message is consistent|Divulge only the information that you are required to by law","2","Một quy tắc thực hành tốt khi trả lời báo chí là đảm bảo thông điệp của bạn luôn nhất quán ('Ensure your message is consistent')."
167,single_choice,"What is the benefit of hosting a virtual reality press conference over a traditional in-person press conference?","It will be easier to communicate your overall message to your audience.|The conference will be easily accessible to all willing participants.|The participants will be impressed by your leveraging of new and exciting technologies.|The conference can be interactive without the participants needing to be co-located.","3","Họp báo thực tế ảo (VR) mang lại trải nghiệm tương tác cao mà không cần mọi người phải tập trung tại một địa điểm vật lý ('interactive without... needing to be co-located')."
168,multiple_choice,"Which of the following are important qualities of a press release? (Select two.)","It's delivered on a single platform|It's non-interactive|It's in a digital format|It's concise","2|3","Thông cáo báo chí (press release) thường tĩnh/không tương tác ('non-interactive') và phải được viết súc tích ('concise')."
169,single_choice,"How does the low likelihood of a crisis relate to its potential impact?","A crisis with low likelihood tends to have moderate impact.|A crisis with low likelihood tends to have high impact.|A crisis with low likelihood tends to have low impact.|A crisis with low likelihood tends to have little to no effect on its impact.","1","Một cuộc khủng hoảng có khả năng xảy ra rất thấp (low likelihood) thường mang theo tác động cực kỳ lớn ('high impact') nếu nó thực sự xảy ra."
170,single_choice,"Which of the following is the most important idea that a crisis communication program should manage?","The public's perception of a crisis|The individual details of a crisis|Internal stakeholder consensus about how to approach a crisis|The real-world effects of a crisis","0","Chương trình truyền thông khủng hoảng phải ưu tiên quản lý nhận thức của công chúng ('public\'s perception') về khủng hoảng đó."
171,multiple_choice,"Which of the following are important to provide to a crisis communication team? (Select two.)","Access to adequate resources|The ability to work independently of the crisis management team|Clear direction on the roles and responsibilities of team members|Permission to tell the public what they want to hear","0|2","Nhóm truyền thông khủng hoảng cần có quyền tiếp cận nguồn lực đầy đủ ('Access to adequate resources') và định hướng rõ ràng về vai trò/trách nhiệm ('Clear direction on roles')."
172,multiple_choice,"Which of the following are desired qualities when choosing a spokesperson for your organization? (Select two.)","Articulate when communicating important details|Defensive when challenged with difficult situations|Lighthearted when dealing with serious topics|Patient when addressing tough questions or concerns","0|3","Người phát ngôn cần có khả năng diễn đạt lưu loát ('Articulate when communicating') và phải kiên nhẫn khi gặp câu hỏi khó ('Patient when addressing tough questions')."
173,single_choice,"The organization needs to ask itself about any quality control issues it may be having. Which of the following processes is most suitable for asking and answering that question?","Lessons learned report|Business continuity plan|Vulnerability audit|Business impact assessment","2","Đánh giá lỗ hổng (Vulnerability audit) là quy trình phù hợp nhất để tổ chức tự kiểm tra các vấn đề kiểm soát chất lượng nội bộ."
174,multiple_choice,"Which of the following practices can help an organization prepare to uphold business continuity in the event of a crisis? (Select two.)","Evaluating the effects that the crisis has on the business|Rehearsing business continuity tasks|Informing external stakeholders of suspected incidents|Performing a business impact assessment (BIA)","1|3","Để duy trì hoạt động liên tục khi có sự cố, tổ chức nên diễn tập các nhiệm vụ ('Rehearsing business continuity tasks') và Đánh giá Tác động Kinh doanh ('BIA')."
175,single_choice,"How can you leverage emerging technologies like AI in disaster recovery plans (DRP)?","By using deep learning techniques to bolster the organization's defense against disasters.|By using AI decision-making systems to decide whether or not a DRP is necessary for your organization.|By using natural language processing (NLP) techniques to ensure the DRP document is understandable and free of typographic errors.|By using data-driven techniques to inform the strategies behind the DRP.","3","AI có thể phân tích dữ liệu lớn để hỗ trợ và cung cấp thông tin chiến lược cho kế hoạch phục hồi thảm họa ('By using data-driven techniques to inform the strategies')."
176,single_choice,"Which of the following is the first step in developing an incident response plan (IRP)?","Forming a team|Identifying risks|Taking feedback from customers|Consulting internal stakeholders","1","Bước đầu tiên để lập Kế hoạch ứng phó sự cố (IRP) là Nhận diện rủi ro ('Identifying risks')."
177,multiple_choice,"Which of the following activities are important to conduct in a post-crisis phase? (Select two.)","Discussing lessons learned during the crisis|Performing a vulnerability audit of all affected systems|Restructuring the response team for future crises|Communicating information about the crisis with stakeholders","0|3","Trong giai đoạn hậu khủng hoảng, cần thảo luận về bài học kinh nghiệm ('Discussing lessons learned') và tiếp tục cập nhật thông tin cho các bên liên quan ('Communicating information... with stakeholders')."
178,multiple_choice,"Why is it important not to review a crisis too soon after it has concluded? (Select two.)","By reviewing a crisis too soon, you can exasperate the people involved.|By reviewing a crisis too soon, you may not have collected all of the useful details.|By reviewing a crisis too soon, you run the risk of violating compliance requirements.|By reviewing a crisis too soon, you can unknowingly extend the effects of that crisis.","0|1","Không nên xem xét lại khủng hoảng quá sớm vì dễ làm nản lòng những người liên quan ('exasperate the people involved') và có thể chưa thu thập đủ thông tin thực tế ('may not have collected all of the useful details')."
179,multiple_choice,"Which of the following are tools of an effective media communication plan? (Select two.)","Press release|Public education campaign|Video briefing|Mission statement","0|2","Các công cụ truyền thông hiệu quả bao gồm Thông cáo báo chí ('Press release') và Video tóm tắt thông tin ('Video briefing')."
180,single_choice,"What is the purpose of a holding statement in crisis and media communications?","To retain the services of specific media outlets|To order the business to temporarily halt certain operations|To prevent personnel from communicating prematurely|To pre-write communications before they are needed","3","Tuyên bố giữ chỗ (holding statement) được soạn sẵn để sử dụng ngay khi khủng hoảng nổ ra, giúp ngăn chặn nhân viên phát ngôn bừa bãi trước khi có thông điệp chính thức ('prevent personnel from communicating prematurely')."

181,multiple_choice,"Which of the following are effective strategies when making statements on social media? (Select two.)","Communicating only as needed|Being honest and up front|Focusing on positive feedback|Presenting a face of the organization","1|3","Trên mạng xã hội, chiến lược hiệu quả là phải trung thực/thẳng thắn ('Being honest and up front') và thể hiện được bộ mặt/nhân cách của tổ chức ('Presenting a face of the organization') để tạo sự gần gũi."
182,single_choice,"What is the primary purpose of obtaining feedback about an ethical crisis?","To make operational improvements|To motivate internal personnel|To demonstrate compliance|To appeases concerned stakeholders","0","Mục đích chính của việc thu thập phản hồi sau khủng hoảng đạo đức là để cải tiến hoạt động ('make operational improvements'), đảm bảo lỗi tương tự không lặp lại."
183,single_choice,"Which of the following negative consequences is the direct result of failing to be truthful in communicating about a crisis?","Financial loss|Reputational damage|Security risk|Discrimination","1","Việc không trung thực ('failing to be truthful') khi xảy ra khủng hoảng sẽ dẫn đến hậu quả trực tiếp là tổn hại danh tiếng của tổ chức ('Reputational damage')."
184,single_choice,"When you deliver periodic statements about a crisis to the media, what should the first statement do?","Survey public opinion of the organization|Set the tone of what is to follow|Provide in-depth details about the situation|Accept responsibility for perceived problems","1","Tuyên bố đầu tiên với giới truyền thông có vai trò định hình giọng điệu/thái độ ('Set the tone') cho toàn bộ các thông điệp và cách xử lý khủng hoảng tiếp theo."
185,single_choice,"Why is it important to build a ""reservoir"" of goodwill with the media?","The media will be more likely to advocate for your organization in the event of a crisis.|The media will be less likely to publish a story about a crisis right away, opting to wait for your approval instead.|The media will be more likely to give the organization the benefit of the doubt in the event of a crisis.|The media will be less likely to accuse the organization of being malicious or negligent in the event of a crisis.","3","Xây dựng 'hồ chứa' thiện chí ('reservoir of goodwill') với báo chí giúp họ có cái nhìn thiện cảm hơn, ít khả năng cáo buộc tổ chức có ác ý hoặc cẩu thả ('less likely to accuse... malicious or negligent') khi có sự cố."
186,single_choice,"Why is it important to leverage legacy media like print, television, and radio, rather than just digital media?","It is easier to disseminate a message through legacy media channels|Legacy media channels are more effective at broadcasting a message|Digital media platforms are seen as less respectable or trustworthy|Not everyone has access to digital media platforms","3","Truyền thông truyền thống (legacy media như TV, radio, báo in) vẫn quan trọng vì không phải ai cũng có quyền truy cập vào các nền tảng kỹ thuật số ('Not everyone has access...')."
187,single_choice,"Which of the following is a useful strategy when communicating the truth about a crisis becomes difficult?","Put all of the information out there at once|Tell some truths, but withhold others|Provide information gradually, over multiple communications|Promise to provide information at a later date","0","Khi việc nói ra sự thật gặp khó khăn/tồi tệ, chiến lược tốt nhất là công bố toàn bộ thông tin cùng một lúc ('Put all of the information out there at once') để tránh khủng hoảng kéo dài do bị rò rỉ từ từ."
188,single_choice,"How can sentiment analysis be useful in social media communication?","It can classify customers as loyal or disloyal, helping you target customers differently in your communications.|It can determine how to construct a message that influences users to be more positive about the organization or technology.|It can shape the content and delivery of the message based on users' perceptions of the organization or technology.|It can determine which users have the largest influence on your reputation, and therefore which users you should communicate with.","2","Phân tích cảm xúc (Sentiment analysis) giúp tổ chức định hình lại nội dung và cách truyền tải thông điệp ('shape the content and delivery') sao cho phù hợp với nhận thức/cảm nhận hiện tại của người dùng."
189,single_choice,"Which of the following describes ethics washing?","No attempt is made towards genuine ethical action.|Genuine ethical action gets replaced by superficial promises.|Genuine ethical action is used to wash over previous mistakes.|Superficial promises are replaced by genuine ethical action.","1","Tẩy trắng đạo đức ('ethics washing') là hành vi đưa ra các lời hứa hẹn sáo rỗng/bề ngoài ('superficial promises') để thay thế cho những hành động đạo đức thực sự ('Genuine ethical action')."
190,single_choice,"Is an open door policy equivalent to ensuring employee voice?","No, because an open door policy does not ensure employees feel heard.|Yes, because both allow employees to speak up.|No, because an open door policy is the opposite of employee voice.|Yes, because an open door policy is essential for employee voice.","0","Chính sách mở cửa ('open door policy') chưa đủ để đảm bảo tiếng nói của nhân viên, vì nó chỉ cho phép họ nói nhưng không đảm bảo họ cảm thấy được lắng nghe thực sự ('does not ensure employees feel heard')."
191,single_choice,"Which of the following might be a risk of not having an ethical organizational culture?","Employees might face cognitive dissonance.|Employees will experience a faster approval process to get a product launched.|Employees might be less interested in their careers.|Employees are more likely to express their opinions about the company.","0","Thiếu văn hóa đạo đức có thể khiến nhân viên rơi vào trạng thái bất hòa nhận thức ('cognitive dissonance') - tức là mâu thuẫn giữa niềm tin đạo đức cá nhân và những gì tổ chức yêu cầu họ làm."
192,single_choice,"Which expression best characterizes what a company or organizational culture is?","""This is how things are done around here.""|""This is how we want this done.""|""It is what it is.""|""This is what we're told to do.""","0","Văn hóa công ty thường được định nghĩa một cách dân dã là 'Đây là cách mọi thứ được vận hành ở đây' ('This is how things are done around here')."
193,single_choice,"Which of the following describes change management?","A collective term used to explain how organizations facilitate change in a product after receiving negative feedback.|A collective term used to describe how employees are able to voice their concerns to facilitate change in their organization.|A collective term for all approaches to prepare, support, and help individuals, teams, and organizations in making organizational change.|A collective term for all approaches to prepare, support, and help individuals, teams, and organizations in fostering an ethical organizational culture.","2","Quản lý sự thay đổi ('Change management') là thuật ngữ chung chỉ các phương pháp chuẩn bị, hỗ trợ con người và tổ chức trong quá trình thực hiện thay đổi nội bộ ('making organizational change')."
194,single_choice,"Which organizational resource is most commonly used in terms of fostering an ethical organizational culture?","Informational resources|Physical resources|Financial resources|Human resources","3","Nguồn nhân lực ('Human resources' - con người) là tài nguyên cốt lõi và phổ biến nhất được sử dụng để xây dựng và thúc đẩy văn hóa đạo đức trong tổ chức."
195,single_choice,"Which of the following describes the purpose of having an Ethics Board for a data-driven organization?","An Ethics Board can increase transparency into how the organization uses AI or autonomous technologies.|An Ethics Board can help maintain an organization's profit margins and increase transparency into how they increase their profits.|An Ethics Board can help maintain an organization's values-based intentions and decrease the inherent dangers of autonomous technologies.|An Ethics Board can help maintain an organization's values-based intentions and increase transparency into how they use data-driven technologies.","3","Hội đồng đạo đức (Ethics Board) giúp duy trì các ý định dựa trên giá trị cốt lõi ('values-based intentions') và tăng cường tính minh bạch ('increase transparency') trong việc sử dụng công nghệ dữ liệu."
196,single_choice,"Which of the following is a potential benefit of having an ethical organizational culture?","More employees are likely to switch careers.|Employees will feel a sense of responsibility and loyalty.|Employees are more likely to listen to their superiors.|The company will get an increase in stock value.","1","Văn hóa tổ chức có đạo đức giúp nhân viên cảm thấy gắn bó, có ý thức trách nhiệm và lòng trung thành cao hơn ('sense of responsibility and loyalty')."
197,single_choice,"Which of the following describes employee voice?","The amount of voluntary effort that employees are willing to spend to file complaints about conditions of the company or organization.|The amount of voluntary effort employees are willing to put into communicating suggestions, opinions, concerns, and ideas that can be used to make improvements.|The likelihood of employees voicing their concerns about the company because they want to improve company performance.|The amount of feedback that employees are willing to share with their fellow coworkers to boost company morale and efficiency.","1","Tiếng nói của nhân viên ('Employee voice') là sự nỗ lực tự nguyện ('voluntary effort') của họ trong việc đóng góp ý kiến, đề xuất và bày tỏ lo ngại để giúp tổ chức cải thiện."
198,single_choice,"What is the purpose of ethics training in regard to fostering an ethical organizational culture?","To help employees develop their ability to communicate in the workplace and identify actions and behaviors that can help boost company morale.|To help employees develop their ability to identify potential misconduct in the workplace and report those departments.|To help employees develop their ability to follow instructions and identify potential avenues to improve efficiency and output.|To help employees develop their ability to recognize and promote ethical decisions in the workplace and identify ethical and unethical actions and behaviors.","3","Đào tạo đạo đức ('ethics training') nhằm giúp nhân viên phát triển khả năng nhận diện ('recognize') các hành vi đạo đức/phi đạo đức và thúc đẩy việc ra quyết định đúng đắn nơi công sở."
199,single_choice,"Why is corporate governance important when thinking about ethical considerations for the development of data-driven technologies?","It binds the employees in a moral code that limits the kind of actions they can engage in.|It helps the organization showcase to its customers that it has ethical guidelines.|It helps the organization have a document to point towards in case an ethical violation occurs.|It provides an accountability framework for stakeholders of the organization to prevent ethical violations.","3","Quản trị doanh nghiệp ('corporate governance') đóng vai trò thiết lập khung trách nhiệm giải trình ('accountability framework') để ngăn chặn các vi phạm đạo đức ('prevent ethical violations')."
200,single_choice,"Which of the following would be the most beneficial stage to hold ethical risk reviews for a new project that your team is undertaking?","Conception|Development|Deployment|Design","0","Việc đánh giá rủi ro đạo đức mang lại hiệu quả cao nhất khi được thực hiện ngay từ giai đoạn lên ý tưởng/hình thành ban đầu ('Conception') trước khi bắt tay vào thiết kế và phát triển."
201,single_choice,"Which of the following is NOT a common consideration when looking at the major ethical frameworks?","Security|Privacy|Humanity|Transparency","2","Bảo mật (Security), Quyền riêng tư (Privacy) và Minh bạch (Transparency) là các nguyên tắc phổ biến nhất. 'Humanity' (Nhân tính) là khái niệm quá rộng và ít khi được quy định như một nguyên tắc kỹ thuật cụ thể."
202,single_choice,"Which of the following is an ethical benefit of incorporating fair competition considerations in a data-driven technology ecosystem?","Accelerating investments in research and development|Encouraging product or service differentiation|Lowering product and service costs for the users|Consolidating products and services under a single organization","1","Cạnh tranh công bằng mang lại lợi ích đạo đức bằng cách khuyến khích sự khác biệt hóa sản phẩm/dịch vụ ('Encouraging product or service differentiation'), ngăn chặn tình trạng độc quyền."
203,single_choice,"Which of the following principle sets are important for the creation of open data that is widely utilized?","FATE|ISO 27017|FAIR|27001","2","FAIR là bộ nguyên tắc cốt lõi cho dữ liệu mở, viết tắt của Findable (Dễ tìm), Accessible (Dễ truy cập), Interoperable (Có thể tương tác) và Reusable (Có thể tái sử dụng)."
204,single_choice,"Which of the following is a misuse of intellectual property (IP) when it comes to ethical accountability for an organization?","Enhancing the security posture of a product or service.|Filing a patent for the IP that makes non-obvious information known to the public.|Using IP as a defensive mechanism to eschew transparency requirements.|Collecting returns on investments made in research and development.","2","Lạm dụng Sở hữu trí tuệ (IP) là khi tổ chức dùng nó làm lá chắn/cơ chế phòng vệ ('defensive mechanism') để né tránh các yêu cầu về tính minh bạch ('eschew transparency requirements')."
205,multiple_choice,"Which of the following is an ethical risk if there is non-compliance with legal and regulatory requirements within a jurisdiction ? (Select two).","User discrimination|Reputational harm|Loss of profits|Lack of transparency","0|3","Không tuân thủ pháp luật/quy định tiềm ẩn các rủi ro đạo đức lớn như gây phân biệt đối xử với người dùng ('User discrimination') và thiếu tính minh bạch ('Lack of transparency')."
206,single_choice,"Which of the following best explains why there is an emphasis on including human rights in the major ethical frameworks?","They help to satisfy legal and regulatory requirements and make the product compliant in the local jurisdiction.|They help to provide an anthropocentric frame for the ethical considerations.|They allow an organization to deliver its products and services in a larger market.|They are universal and provide scaffolding for all other ethical considerations.","3","Nhân quyền (Human rights) được đưa vào khung đạo đức vì chúng có tính phổ quát ('universal') và tạo nên bộ khung cơ sở ('provide scaffolding') vững chắc cho mọi cân nhắc đạo đức khác."
207,single_choice,"Why are environmental concerns important to consider in the ethical development of data-driven technologies?","Data-driven technologies directly impact living things via displacement.|Data-driven technologies can cause secondary, indirect, or cumulative effects on the environment that might impact people in the long term.|Data-driven technologies directly impact the environment through pollution.|Data-driven technologies directly impact the environment through the invasive mining of resources to create the technologies.","1","Công nghệ dữ liệu tốn rất nhiều năng lượng, gây ra các tác động thứ cấp, gián tiếp hoặc tích lũy ('secondary, indirect, or cumulative effects') lên môi trường và ảnh hưởng lâu dài đến con người."
208,single_choice,"Which of the following presents the most important argument for why we need to consider the impact of AI on labor in the design, development, and deployment of data-driven technology?","There might be potential labor rights and human rights violations.|There is still a need for human workers in human-in-the-loop mechanisms.|The organization would like to avoid having to deal with union concerns.|There may be an impact on worker productivity if they are not included in all phases.","0","Tác động của AI lên lao động là vấn đề sống còn vì việc tự động hóa có thể dẫn đến các vi phạm tiềm ẩn về quyền lao động và nhân quyền ('labor rights and human rights violations') của công nhân."
209,single_choice,"To which of the following groups would a code of ethics not be applicable?","Designers of the data-driven technology system|Business managers of the data-driven technology system|Developers of the data-driven technology system|Data subjects of the data-driven technology system","3","Bộ quy tắc đạo đức (code of ethics) áp dụng cho người thiết kế, quản lý và phát triển hệ thống. Nó không áp dụng cho 'Data subjects' (chủ thể dữ liệu/người dùng) vì họ là người tiếp nhận/được bảo vệ."
210,single_choice,"Which of the following constitute internal stakeholders in the context of a code of ethics?","Data subjects|Regulators|Designers|Policymakers","2","Người thiết kế ('Designers') là những nhân sự nội bộ trực tiếp tham gia xây dựng hệ thống, do đó họ là các bên liên quan nội bộ ('internal stakeholders')."
211,single_choice,"Which of the following constitute external stakeholders in the context of a code of ethics?","Designers|Regulators|Developers|Business managers","1","Cơ quan quản lý/nhà lập pháp ('Regulators') là các bên nằm ngoài tổ chức nhưng có ảnh hưởng hoặc bị ảnh hưởng, do đó là bên liên quan bên ngoài ('external stakeholders')."
212,multiple_choice,"How can you identify potential areas of concern for ethical practices when developing a code of ethics? (Select three).","Rely on the requirements of government regulations.|Rely on your own personal experiences.|Obtain feedback from stakeholder focus groups.|Identify prior issues with your product or service.|Research similar organization's ethical mistakes and concerns.","2|3|4","Để xác định đúng rủi ro đạo đức, cần lấy ý kiến nhóm tập trung ('focus groups'), xem lại các lỗi trước đây của mình ('prior issues') và học từ sai lầm của đối thủ ('similar organization\'s... mistakes')."
213,multiple_choice,"Which of the following are possible causes of the limited adoption of a code of ethics within an organization? (Select two).","Lack of awareness of the code of ethics and where it is meant to be applied|Lack of clarity in the code of ethics|Prescriptive language used in the code of ethics|Comprehensive coverage of areas of concerns by the code of ethics","0|1","Bộ quy tắc đạo đức thường bị bỏ xó nếu nhân viên không biết đến nó, không biết áp dụng ở đâu ('Lack of awareness') hoặc do nội dung của nó quá mơ hồ ('Lack of clarity')."
214,multiple_choice,"Which style or tone is recommended for a code of ethics? (Select two.)","Prescriptive language|Plain language|Legal language|Subjective language","0|1","Ngôn ngữ của bộ quy tắc cần phải sử dụng ngôn từ đơn giản, dễ hiểu ('Plain language') và mang tính hướng dẫn/quy định rõ ràng về hành vi ('Prescriptive language')."
215,single_choice,"Which of the following is a problematic reason to pilot a code of ethics prior to widespread deployment?","The pilot phase helps to identify gaps in the current code of ethics.|The pilot phase helps to stress test a code of ethics in a real-world situation.|The pilot phase helps to develop awareness and buy-in from the relevant stakeholders in the organization.|The pilot phase demonstrates the seriousness of the organization with respect to its ethical responsibilities.","3","Thử nghiệm thí điểm (pilot) nhằm tìm ra lỗ hổng và kiểm tra tính thực tế. Việc dùng pilot chỉ để 'làm màu' hoặc chứng tỏ sự nghiêm túc ('demonstrates the seriousness') là một động cơ có vấn đề/sai lệch."
216,single_choice,"Which of the following is a reason to periodically update a code of ethics document?","It is a fiduciary and regulatory responsibility for the organization to do so.|It allows you to capture the evolving nature of the ethical risks of the product or service that you are developing.|It reinforces the presence of the code of ethics in the minds of the employees.|It signals that you care about ethics to internal and external stakeholders.","1","Cần cập nhật định kỳ vì rủi ro đạo đức của sản phẩm công nghệ luôn thay đổi và phát triển không ngừng ('evolving nature of the ethical risks')."
217,single_choice,"Which of the following will ensure that a code of ethics is widely adopted within the organization?","Integrating the code of ethics deeply into the existing workflows within the organization.|Writing the code in legal language to ensure that it is compliant with the laws of the land.|Including the code of ethics in the legal documents signed by the employees.|Making a public announcement with the creators of the code of ethics.","0","Để bộ quy tắc được áp dụng rộng rãi, nó phải được tích hợp sâu vào quy trình làm việc thực tế ('Integrating... deeply into the existing workflows') thay vì chỉ nằm trên giấy."
218,multiple_choice,"Which of the following are reasons to design, develop, and deploy a code of ethics within an organization? (Select two).","It compels employees to operate in an ethical and integral manner.|It prevents regulatory scrutiny of the organization's practices.|It lets external stakeholders know that you are an ethical company.|It creates consistency in the ethical practices across the organization, rather than patchy implementation of the practices.","0|3","Mục đích của bộ quy tắc là thúc đẩy nhân viên hành xử đạo đức ('operate in an ethical... manner') và tạo ra sự nhất quán trong toàn tổ chức ('creates consistency'), tránh việc áp dụng chắp vá."
219,single_choice,"Which of the following helps to ensure that internal and external ethics policies are adhered to in practice?","Having unambiguous procedures tied to the clauses of the policy.|Developing procedures first and then creating policies that reflect those procedures.|Ensuring the policies have ample room for flexibility in implementation.|Including detailed legalese in the policy that mirrors regulatory requirements.","0","Để chính sách thực sự đi vào thực tiễn, cần có các quy trình hành động rõ ràng, không mơ hồ ('unambiguous procedures') gắn liền trực tiếp với từng điều khoản chính sách."
220,single_choice,"Which of the following is an important reason to have a policy owner for internal and external ethics policies ?","The policy owner will write the policy, relying solely on their personal institutional knowledge.|They can help to prevent changes from taking place in the policies over time by justifying their choices.|They can help to bring the right internal and external stakeholders together to help draft these ethics policies.|It helps to have a single person that can be held accountable in case something goes wrong.","2","Chủ sở hữu chính sách ('policy owner') có vai trò điều phối, kết nối đúng các bên liên quan nội bộ và bên ngoài ('bring the right... stakeholders together') để cùng thảo luận và dự thảo chính sách."
221,single_choice,"Which of the following is a reason to engage in a comprehensive information gathering phase before drafting your internal and external ethics policies?","It saves you effort if you just copy the existing ethics policies from other organizations.|It helps to collect reaffirming evidence for your own ethical beliefs.|It helps to unearth best practices from peers in the industry.|It provides examples of possible ethical pitfalls that the organization should avoid.","2","Việc thu thập thông tin toàn diện trước khi soạn thảo chính sách giúp tổ chức khai quật và học hỏi các thực tiễn tốt nhất ('unearth best practices') từ các công ty cùng ngành ('peers in the industry')."
222,single_choice,"Which of the following is a reason to engage external stakeholders during the development of internal and external ethics policies ?","It can be used as an opportunity to demonstrate your ethical standpoints with both internal and external stakeholders.|It acts as a shielding mechanism for accountability in case an ethical violation occurs in the future.|It helps to reinforce the cultural and contextual values of the employees by getting external validation.|It can unearth new insights for how the products and services might be used in the target demographic community.","3","Các bên liên quan bên ngoài (như cộng đồng, khách hàng) cung cấp những góc nhìn/hiểu biết mới ('new insights') về cách sản phẩm thực sự được sử dụng trong cộng đồng mục tiêu của họ."
223,single_choice,"Which of the following is an important action needed for the finalization of internal and external ethics policies before approval?","Discarding open issues to provide a clean slate for the next iteration of the policies|Ensuring the policies are the same as those from other peer organizations|Documenting the assumptions and choices made in the drafting of the policies|Testing the policy in an already deployed project setting","2","Trước khi phê duyệt, phải ghi lại toàn bộ các giả định và lựa chọn ('Documenting the assumptions and choices') đã được đưa ra trong quá trình dự thảo, để làm cơ sở giải trình sau này."
224,single_choice,"Which of the following is an essential asset that helps to operationalize the internal and external ethics policies via procedures?","A detailed report that presents the various scenarios using technical jargon.|Concrete examples that show how the policies work in practice.|A designated ethics lead who is solely responsible for the implementation of said procedures.|A description of the procedures in the annual report of the organization.","1","Tài sản thiết yếu nhất để đưa chính sách vào vận hành là các ví dụ cụ thể ('Concrete examples') minh họa rõ ràng cách thức các chính sách đó hoạt động trong thực tế."
225,single_choice,"Which of the following is a key element of communications with internal and external stakeholders regarding an organization's ethics policies?","Simple to follow examples|Flexible verbiage|Daily communications|Dense procedural descriptions","0","Khi truyền thông về chính sách đạo đức, yếu tố then chốt là sử dụng các ví dụ đơn giản, dễ theo dõi ('Simple to follow examples') để mọi người dễ dàng tiếp thu."
226,single_choice,"Which of the following is an important reason for continually refreshing an organization's internal and external ethics policies?","It helps internal stakeholders justify the release of new product features or service upgrades.|It helps maintain alignment of the policies with the cultural and contextual values of the organization's employees.|It helps demonstrate to senior management that work is being done on the internal and external ethics policies.|It helps maintain alignment with the emergent risks and changing ethical posture of the products and services of the organization.","3","Cần liên tục làm mới chính sách để giữ chúng luôn bám sát ('maintain alignment') với những rủi ro mới nổi ('emergent risks') và sự thay đổi trong định hướng đạo đức của sản phẩm/dịch vụ."
227,single_choice,"Which of the following is a benefit of using focus groups over surveys?","They are an easier way to collect information from a target audience.|They are a more scalable option for the collection of information.|They allow for deeper engagement with the target demographic community.|They can provide more data through structured information gathering.","2","Nhóm tập trung (focus groups) ưu việt hơn khảo sát (surveys) ở chỗ nó cho phép tương tác sâu hơn ('deeper engagement') để khai thác tâm lý, thái độ của cộng đồng mục tiêu."
228,single_choice,"Which of the following is a valid reason for tracking the number and severity of an organization's ethical violations?","It can help provide transparency around the efforts to improve the policies.|It can replace the need for refreshing the internal and external ethics policies.|It can help provide qualitative information that can be used to improve the policies.|It can dissuade end users from scrutinizing the internal and external ethics policies.","0","Theo dõi các vi phạm đạo đức giúp tổ chức thể hiện sự minh bạch ('provide transparency') trong những nỗ lực nhận lỗi và cải thiện chính sách."
229,single_choice,"Based upon studies from conducted by accredited certification bodies and the Lumina Foundation, which of the following is true regarding professionals who hold industry validated certifications?","They are statistically shown to have greater intelligence than their peers without professional certifications.|They have greater potential to earn higher salaries than peers without professional certifications.|They demonstrate higher productivity than peers without professional certifications.|They are more likely to be employed by enterprise level organizations.","1","Theo thống kê, những người có chứng chỉ chuyên môn uy tín có tiềm năng đạt được mức lương cao hơn ('greater potential to earn higher salaries') so với những đồng nghiệp không có chứng chỉ."
230,single_choice,"When scheduling your exam on Pearson VUE, you will be asked to provide information about yourself. Which of the following do you need to be sure to do when entering this information?","Have your video camera on and set to the correct aspect ratio.|Set up a unique email to receive exam information from Pearson VUE.|Match the government-issued ID that you will use to verify your identity on the day of the exam.|Run the speed the test prior to entering your information.","2","Khi đăng ký thi trên Pearson VUE, thông tin cá nhân bắt buộc phải khớp chính xác với thẻ căn cước/giấy tờ tùy thân do chính phủ cấp ('Match the government-issued ID') dùng để xác minh vào ngày thi."
231,single_choice,"Which of the following is a noted difference between a certificate and a certification?","Certifications are granted upon completion of a course.|Certifications are issued by industry certification bodies.|Certifications cannot be revoked.|Certifications can be accredited.","1","Giấy chứng nhận hoàn thành khóa học (Certificate) thường do trường/đơn vị đào tạo cấp, còn Chứng chỉ nghề nghiệp (Certification) được cấp bởi các tổ chức chứng nhận chuyên ngành độc lập ('industry certification bodies')."
232,multiple_choice,"Which of thefollowing tools can be used to prepare for a certification exam?","The domain domains and objectives in the exam blueprint.|Instructor-led or self-paced courses in the exam domains.|Summative assessments in Coursera preparatory course.","0|1|2","Để ôn thi chứng chỉ, nên dùng Đề cương thi ('exam blueprint/domains'), Tham gia khóa học có hướng dẫn/tự học ('Instructor-led or self-paced courses') và Làm bài kiểm tra tổng kết ('Summative assessments')."
233,single_choice,"Which of the following are included in an exam blueprint?","How to schedule your exam|The length of the exam|Practice questions|Time and date of your exam","1","Đề cương bài thi (Exam blueprint) cung cấp cấu trúc, mục tiêu kiến thức và cả thời lượng làm bài ('The length of the exam') để thí sinh chuẩn bị."
234,single_choice,"Upon successful completion of your exam, which of the following actions can you take to share your certification with employers and peers?","Forward the email notification from Pearson VUE that you receive upon passing the exam to your employer.|Display your Coursera Professional Certificate on social platforms such as LinkedIn.|Share a screenshot from the end of the exam showing that you passed.|Post your Accredible-issued badge on social platforms such as LinkedIn.","3","Cách chuyên nghiệp nhất để chia sẻ chứng chỉ là đăng huy hiệu kỹ thuật số được xác thực (ví dụ qua nền tảng Accredible) lên mạng xã hội nghề nghiệp như LinkedIn."
235,single_choice,"You have scheduled your exam at a Pearson VUE test center. Which of the following should you do before you leave for your appointment at the test center?","Make sure you have your mobile phone to take photos of the exam room to provide to the proctor.|Verify that you have run the speed test on the computer that you plan to take the exam on.|Check that you have the government-issued ID that you used during registration.|Pack snacks and drinks to have during the exam.","2","Điều quan trọng nhất trước khi đi đến trung tâm khảo thí là kiểm tra lại xem đã mang đúng giấy tờ tùy thân hợp lệ ('government-issued ID') khớp với lúc đăng ký hay chưa."
236,single_choice,"Which of the following are included in the CertNexus Candidate Agreement?","Instructions on how to schedule your exam|Domains and objectives covered in the exam|Expectations of personal conduct such as cheating|List of subject matter experts that contributed to the job task analysis","2","Thỏa thuận thí sinh (Candidate Agreement) quy định rõ các tiêu chuẩn về hành vi cá nhân ('Expectations of personal conduct'), đặc biệt là các điều khoản cấm gian lận ('cheating')."
237,single_choice,"Reviewing the exam blueprint prior to scheduling your exam will allow candidates to do which of the following?","Practice the skills required to complete the tasks outlined in the objectives.|Consider whether you possess the knowledge, skills, and abilities required to successfully pass the exam.|Practice exam items that reflect the questions on the certification exam.|Consider whether you have the required degree or licensure to successfully pass the exam.","1","Xem trước đề cương (blueprint) giúp thí sinh tự đánh giá xem bản thân đã trang bị đủ Kiến thức, Kỹ năng và Khả năng (KSAs - 'knowledge, skills, and abilities') để vượt qua kỳ thi hay chưa."
238,single_choice,"Which of the following is an easy and accessible way to demonstrate your skills alongside your certification?","Post the link to your Accredible badge on global vendor-neutral blogs|Post a video on social media discussing the value of certifications|Post on social platforms about how proficient you are in the subject area|Post evidence of your accomplishments on your Accredible profile","3","Cách dễ tiếp cận nhất để chứng minh kỹ năng là đính kèm các bằng chứng cụ thể về thành tựu/dự án ('evidence of your accomplishments') trực tiếp trên hồ sơ kỹ thuật số (Accredible profile)."
239,single_choice,"Which technique helps improve algorithmic fairness?","Using larger datasets only|Bias testing and diverse training data|Increasing processing speed|Reducing system complexity","1","Đảm bảo công bằng thuật toán cần kiểm tra thiên kiến (bias testing) và sử dụng dữ liệu huấn luyện đa dạng."
240,single_choice,"Which element is essential for system accountability?","Complete automation|Clear responsibility assignment|Maximum data collection|Fastest processing speed","1","Trách nhiệm giải trình (accountability) cốt lõi là phải phân công rõ ràng ai/bộ phận nào chịu trách nhiệm (Clear responsibility assignment) cho các quyết định của hệ thống."
241,single_choice,"Which psychological reason contributes to automation bias?","Over-reliance on technology|Fear of technology|Lack of technical skills|Distrust in human judgment","0","Thiên kiến tự động hóa (automation bias) sinh ra do tâm lý quá phụ thuộc vào công nghệ (over-reliance), tin rằng máy móc luôn đúng hơn con người."
242,single_choice,"What is one outcome of not considering ethics in algorithm design?","Lower electricity bills|Enhanced system performance|Discriminatory or unsafe results|Better customer loyalty","2","Bỏ qua đạo đức khi thiết kế thuật toán sẽ dẫn đến các kết quả phân biệt đối xử (discriminatory) hoặc gây mất an toàn (unsafe)."
243,single_choice,"What is the primary motivating factor behind hacktivism?","The desire to make money.|The desire to serve an authority figure.|The desire to spread fear.|The desire for social change.","3","Hacktivism (Hacker hoạt động xã hội) được thúc đẩy chủ yếu bởi khao khát tạo ra sự thay đổi xã hội (social change) hoặc chính trị."
244,single_choice,"What is one risk of ignoring ethical concerns in Al design?","Reduced testing time|Improved speed of deployment|Public backlash and regulatory consequences|Higher profit margins","2","Bỏ qua rủi ro đạo đức sẽ dẫn đến làn sóng tẩy chay từ công chúng (public backlash) và các án phạt từ cơ quan quản lý."
245,single_choice,"The nature of a predictive model may reveal","the researchers behind it|the algorithm's bias|the data it is trained on|the ethics of the individual inputs","2","Bản chất của một mô hình dự đoán có thể tiết lộ ngược lại dữ liệu mà nó đã được dùng để huấn luyện."
246,single_choice,"Which of the following types of malware monitors a user's behavior without their knowledge or permission?","Virus|Spyware|Ransomware|Trojan horse","1","Spyware (Phần mềm gián điệp) là phần mềm độc hại chuyên theo dõi ngầm hành vi của người dùng mà không được phép."
247,single_choice,"What can be learned from a predictive model should not change if the excluded in the training set is either included or","dataset filter|biased dataset|model fairness score|individual's data","3","Khái niệm quyền riêng tư vi sai yêu cầu những gì học được từ mô hình không được thay đổi dù dữ liệu của một cá nhân (individual's data) có được đưa vào hay bị loại bỏ khỏi tập huấn luyện."
248,single_choice,"How do Al and other data-driven technologies use probability?","By determining the objective likelihood of some event happening|By estimating the likelihood of some event happening without input data|By providing a model of belief about the likelihood of some event happening|By guaranteeing that some event will occur with 100% likelihood","2","AI dùng xác suất để cung cấp một mô hình niềm tin (model of belief) về khả năng xảy ra của một sự kiện, chứ không đảm bảo 100% hay mang tính khách quan tuyệt đối."
249,single_choice,"Which of the following risk categories deals with stakeholder responsibility in creating and using data-driven technologies?","Explainability|Accountability|Transparency|Understandability","1","Trách nhiệm giải trình (Accountability) giải quyết vấn đề quy trách nhiệm cho các bên liên quan khi tạo ra và sử dụng công nghệ."
250,single_choice,"What is the long-term impact of ignoring ethical considerations in technology development?","Faster time to market|Loss of public trust and potential regulatory backlash|Higher profits|Simplified development processes","1","Về lâu dài, phớt lờ đạo đức làm mất niềm tin của công chúng (Loss of public trust) và dẫn đến các phản ứng cứng rắn từ pháp luật."
251,single_choice,"Why is it important to take a proactive approach to addressing liability issues?","The law often lags behind innovation.|The law is not always applied consistently.|The law is not always clear.|The law often difficult to understand.","0","Phải chủ động giải quyết rủi ro pháp lý vì luật pháp thường tụt hậu (lags behind) so với tốc độ đổi mới của công nghệ (innovation)."
252,single_choice,"Why is it important to take a proactive approach to addressing liability issues?","The law often lags behind innovation.|The law is not always applied consistently.|The law is not always clear.|The law often difficult to understand.","0","Phải chủ động giải quyết rủi ro pháp lý vì luật pháp thường tụt hậu (lags behind) so với tốc độ đổi mới của công nghệ (innovation)."
253,single_choice,"Which method can be implemented to effectively communicate with the media during an ethical crisis?","Provide regular updates to keep the media informed|Ignore media inquiries until the crisis resolves|Offer incentives for positive coverage|Release information only to major news networks","0","Cung cấp thông tin cập nhật thường xuyên (Provide regular updates) là cách hiệu quả nhất để giữ báo chí nắm bắt tình hình thay vì phớt lờ họ."
254,single_choice,"Why is stakeholder communication vital in managing ethical risk?","To improve company branding only|To ensure stakeholder expectations and values are understood|To avoid legal responsibilities|To control product pricing strategies","1","Giao tiếp giúp tổ chức thấu hiểu các kỳ vọng và giá trị (expectations and values) của các bên liên quan."
255,single_choice,"How can artificial intelligence facilitate feedback and monitoring processes in crisis communication strategies?","By automating sentiment analysis to gauge public opinion|By creating holding statements for immediate use|By replacing human oversight in communication strategies|By predicting future crises through historical data analysis","0","AI hỗ trợ quá trình giám sát bằng cách tự động hóa phân tích cảm xúc (automating sentiment analysis) để đánh giá dư luận."
256,single_choice,"How can effective communication mitigate ethical risks in Al and Data Science?","By ensuring transparency and understanding of ethical guidelines|By limiting access to Al technologies|By prioritizing speed over accuracy in data processing|By encouraging the concealment of ethical concerns","0","Giao tiếp hiệu quả giúp đảm bảo tính minh bạch (transparency) và làm rõ các hướng dẫn đạo đức."
257,single_choice,"Pseudocode can best be defined as","an explainable description of code that is meant for humans, not computers|a Python library for machine learning|a middle ground between code and plain writing that can be fed into a computer|a type of Javascript that is both human and machine-readable","0","Pseudocode (Mã giả) là bản mô tả thuật toán bằng ngôn ngữ dễ hiểu cho con người, không phải để máy tính chạy trực tiếp."
258,single_choice,"What distinguishes consequentialist ethics from deontological ethics?","Consequentialism focuses on outcomes, deontology on duties|Consequentialism ignores results, deontology focuses on happiness|They are essentially the same approach|Consequentialism is newer than deontology","0","Chủ nghĩa hệ quả (Consequentialism) tập trung vào kết quả, trong khi Đạo đức học nghĩa vụ (Deontology) tập trung vào bổn phận/quy tắc."
259,single_choice,"Our goals for building an ethical predictive model include making sure the results are","precise, explainable, predictable|accurate, precise, fair|precise, methodical, ethical|accurate, fair and explainable","3","Kết quả của một mô hình đạo đức cần phải chính xác (accurate), công bằng (fair) và có thể giải thích được (explainable)."
260,single_choice,"Why is equity an important principle in emerging tech ethics?","It increases brand value|It ensures fairness in access and outcomes|It simplifies design|It boosts marketing campaigns","1","Tính công bằng/bình đẳng (Equity) đảm bảo mọi người đều có cơ hội tiếp cận và nhận kết quả công bằng (fairness in access and outcomes)."
261,single_choice,"Which of the following best describes beneficence?","Beneficence is a term coined by IBM that relates to their Green Horizons initiative in 2014.|Beneficence is the promotion of well-being, not just for moral agents like humans, but of animals, the environment, and societies.|Beneficence is the promotion of well-being for moral agents like humans.|Beneficence is the promotion of efficient systems that perform rapidly and benefit companies.","1","Beneficence (Hành thiện) là thúc đẩy phúc lợi (well-being) cho con người, động vật, môi trường và xã hội."
262,single_choice,"Unknown Unknowns refer to","being unsure about the morals of the research team|lack of explainability and what a model is actually looking at to make it's prediction|facing unknown empirical data with an incomplete dataset|an uncertainty of how the data is gathered","2","'Những ẩn số chưa biết' (Unknown Unknowns) là khi ta phải đối mặt với các dữ liệu thực nghiệm chưa biết thông qua một tập dữ liệu không đầy đủ."
263,single_choice,"Which principle emphasizes treating people as ends in themselves, not merely as means?","Utilitarianism|Virtue ethics|Kantian deontology|Social contract theory","2","Đạo đức học nghĩa vụ của Kant (Kantian deontology) nhấn mạnh con người là mục đích tự thân, không bao giờ chỉ là công cụ (means)."
264,single_choice,"If you were faced with an Al system that identifies exactly what individuals will be infected in a pandemic of a novel disease before the first case occurs, what kind of Al is this?","Narrow Al|General Al|Superintelligence|Basic AΙ","2","Một hệ thống dự đoán chính xác tuyệt đối ở mức độ vượt xa khả năng của con người và hệ thống y tế hiện tại được coi là Siêu trí tuệ (Superintelligence)."
265,single_choice,"Which type of bias occurs when training data is not representative of the population?","Confirmation bias|Selection bias|Anchoring bias|Availability bias","1","Selection bias (Thiên kiến chọn mẫu) xảy ra khi dữ liệu huấn luyện không đại diện đúng/đủ cho toàn bộ quần thể (not representative of the population)."
266,single_choice,"Identify the privacy risks associated with data collection, transmission, storage, and access in ambient intelligence systems. Which risk is most prevalent due to constant data monitoring?","Unauthorized data access|Enhanced data analytics|Improved user experience|Optimized resource allocation","0","Rủi ro lớn nhất của hệ thống giám sát liên tục (ambient intelligence) là truy cập dữ liệu trái phép (Unauthorized data access)."
267,single_choice,"What does informed consent require in the context of Al?","Legal approval of Al patents|Clear communication of data use and user permission|Selling user data to partners|Disabling all tracking features","1","Sự đồng ý dựa trên hiểu biết (Informed consent) yêu cầu phải giải thích rõ cách dùng dữ liệu và xin phép người dùng."
268,single_choice,"What is non-maleficence?","The principle of doing no harm.|The principle of having no bias.|The principle of having no security risk.|The principle of having security risk.","0","Non-maleficence là nguyên tắc 'Không làm hại' (doing no harm)."
269,single_choice,"As a cognitive bias, humans see lack of context/meaning around a piece of information and tend to","fill in gaps with existing knowledge|use biased sources of research|seek authority figures|disagree with their previous beliefs","0","Bộ não con người có xu hướng tự điền vào chỗ trống (fill in gaps) bằng kiến thức sẵn có khi gặp thông tin thiếu ngữ cảnh."
270,single_choice,"If one group comprises the majority of the training data, they will skew the dataset and give the model","less fairness for that group|more confidence about that group|less confidence about that group|more fairness for that group","1","Nhóm chiếm đa số trong tập dữ liệu sẽ làm lệch mô hình, khiến nó dự đoán tự tin và chính xác hơn (more confidence) cho nhóm đó so với nhóm thiểu số."
271,single_choice,"An example of automation bias is","using biased survey data instead of parsed survey data|using parsed twitter data over parsed Facebook data|using new data over existing data|using scraped twitter data over survey data","3","Thiên kiến tự động hóa (Automation bias) ở đây là quá tin tưởng vào dữ liệu cào tự động (scraped data) từ Twitter thay vì dữ liệu khảo sát thủ công từ con người."
272,single_choice,"What percentage of frameworks include privacy as core tenet?","50%|85%|25%|99%","1","Khoảng 85% các khung đạo đức AI hiện nay coi quyền riêng tư (privacy) là một nguyên tắc cốt lõi (core tenet)."
273,single_choice,"Which of the following best describes capability caution as referenced in the Asilomar Al Principles?","If there is no understanding of the internal mechanisms of Al, then Al development should be halted.|Given a lack of consensus, we should avoid strong assumptions regarding upper limits on future Al capabilities.|Should there be a greater reliance on Al, measures should be taken to ensure that humans are still capable of finding work.|We should keep limits on on what artificial general intelligence (AGI) is capable of.","1","Thận trọng về năng lực (capability caution) khuyên không nên đưa ra giả định cứng nhắc về giới hạn của AI trong tương lai."
274,single_choice,"Which ethical framework emphasizes the importance of moral duties and rules when addressing ethical dilemmas?","Deontological Ethics|Ethical Relativism|Utilitarianism|Virtue Ethics","0","Đạo đức học nghĩa vụ (Deontological Ethics) nhấn mạnh vào các bổn phận (duties) và quy tắc đạo đức."
275,single_choice,"Which of the following is a notable aspect of the Personal Information Protection and Electronic Documents Act (PIPEDA) when compared to similar laws and regulations?","Its exclusive focus on a single domain rather than a breadth of domains|The early date of its inauguration|Its nationwide scope and specific national focus|A stipulation to continue providing service even if data usage is denied","3","Đạo luật PIPEDA nổi bật ở điểm bắt buộc doanh nghiệp vẫn phải cung cấp dịch vụ ngay cả khi người dùng từ chối chia sẻ dữ liệu (continue providing service even if data usage is denied)."
276,single_choice,"What is the purpose of change management in terms of creating an ethical organizational culture?","To create a fast transition through training.|To create a management transition.|To create a smooth transition.|To create a slow transition through training.","2","Quản lý sự thay đổi (Change management) nhằm tạo ra quá trình chuyển đổi suôn sẻ (smooth transition) khi xây dựng văn hóa đạo đức."
277,single_choice,"How can small organizations implement ethical practices with limited resources?","Wait until they grow larger|Focus on core ethical principles and gradual implementation|Copy larger organizations exactly|Ignore ethics until legally required","1","Tổ chức nhỏ nên tập trung vào nguyên tắc cốt lõi (core ethical principles) và thực hiện từng bước (gradual implementation)."
278,single_choice,"Which strategy is key to building and maintaining an ethical organizational culture?","Implementing ethics training and effective sessions|Focusing solely on financial performance|Ignoring regional and diversity differences|Minimizing leadership roles","0","Chìa khóa để xây dựng văn hóa đạo đức là triển khai các buổi đào tạo đạo đức hiệu quả (Implementing ethics training)."
279,single_choice,"Which approach to corporate governance is more likely to create an ethical organizational culture?","A systemic approach with incentive systems.|An oversight committee focus on rules.|A board focused on legal and regulatory compliance.|An oversight committee focus on frameworks.","0","Phương pháp tiếp cận có hệ thống đi kèm hệ thống khen thưởng (incentive systems) sẽ khuyến khích văn hóa đạo đức hiệu quả hơn là chỉ dùng hình phạt."
280,single_choice,"Which of the following is a key element of communications with internal and external stakeholders regarding an organization's ethics policies?","Simple to follow examples|Daily communications|Dense procedural descriptions|Flexible verbiage","0","Dùng các ví dụ thực tế, dễ hiểu (Simple to follow examples) giúp các chính sách đạo đức trở nên dễ tiếp thu hơn."
281,single_choice,"How can organizations ensure continuous ethical improvement?","By implementing systems once and forgetting them|Through regular assessment, feedback, and adaptation|By following competitors only|By focusing solely on compliance","1","Cải tiến liên tục đòi hỏi phải thường xuyên đánh giá, lấy phản hồi và thích ứng (assessment, feedback, and adaptation)."
282,single_choice,"What does a code of ethics provide for a data-driven organization?","Specific employee salaries|Legal immunity from lawsuits|Guiding values and expectations for ethical behavior|Product development timelines","2","Bộ quy tắc đạo đức cung cấp các giá trị định hướng (Guiding values) và kỳ vọng về hành vi đạo đức."
283,single_choice,"What is a key step in monitoring ethical organizational policies?","Establishing a policy committee|Regular compliance checks|Creating a rewards system|Hosting annual policy workshops","1","Kiểm tra tuân thủ định kỳ (Regular compliance checks) là bước cốt lõi để giám sát việc thực thi chính sách đạo đức."
284,single_choice,"Which of these steps follows the most logical order for a low-to-high sorting algorithm?","1. Scan to find the smallest number 2. Set to 0 in the index in the output array 3. Remove that number from the input array|1. Scan to find the smallest number 2. Set the length of the array in the index in the output array 3. Remove that number from the input 4. Repeat steps 1-3, but add 1 to the index number for each loop|1. Scan to find the smallest number 2. Set to 0 in the index in the output array 3. Remove that number from the input array 4. Repeat steps 1-3, but add 1 to the index number for each loop|1. Scan to find the largest number 2. Set to 0 in the index in the output array 3. Remove that number from the input array 4. Repeat steps 1-3, but add 1 to the index number for each loop","2","Thuật toán sắp xếp từ thấp đến cao bắt đầu bằng việc tìm số nhỏ nhất (Scan to find smallest number), gán vào output, xóa khỏi mảng gốc và lặp lại (Repeat)."
285,single_choice,"The Data minimization principle requires that you limit data collection to only what is","necessary for differential privacy|optional for a chain of command|needed to have k-anonymity|required to fulfill a specific purpose","3","Tối thiểu hóa dữ liệu (Data minimization) là chỉ thu thập dữ liệu đúng mức cần thiết để thực hiện mục đích cụ thể (required to fulfill a specific purpose)."
286,single_choice,"What is the function of a red team in a penetration testing exercise?","To conduct the simulated attacks.|To defend against the simulated attacks.|To officiate the simulated attacks.|To disable the attacks.","0","Đội Đỏ (red team) có nhiệm vụ thực hiện các cuộc tấn công mô phỏng (conduct simulated attacks) để kiểm tra hàng rào bảo mật."
287,single_choice,"The Netflix prize privacy scandal is an example of reidentification through","k-anonymity|database leaks|multiple datasets|sensitive columns","2","Vụ bê bối của Netflix là ví dụ kinh điển về việc ẩn danh thất bại do kẻ tấn công kết hợp nhiều tập dữ liệu khác nhau (multiple datasets) để định danh lại người dùng."
288,single_choice,"In a classification model that determines whether or not a customer qualifies for a coupon, a significantly lower percentage of males qualified than females. Which of the following types of discrimination does this outcome potentially represent?","Disparate treatment|Disparate non-impact|Disparate mistreatment|Disparate impact","3","Disparate impact (Tác động không đồng đều) xảy ra khi một thuật toán trung lập lại gây ra tỷ lệ bất lợi đáng kể cho một nhóm đối tượng cụ thể."
289,multiple_choice,"Which of the following are cost functions used to evaluate linear regression models? (select two.)","Accuracy|Mean squared error (MSE)|Root mean squared error (RMSE)|Recall","1|2","Hàm chi phí của hồi quy tuyến tính thường là Lỗi bình phương trung bình (MSE) và Căn bậc hai của MSE (RMSE)."
290,multiple_choice,"Which of the following elements should be communicated with end users when negotiating ethical access to a user's data? (Select two.)","The monetary value of that data|An offer of money or other incentives to relinquish user's rights|The intention behind a certain activity or request|A request for consent to perform an action","2|3","Khi xin quyền truy cập, cần nêu rõ mục đích (intention) và phải có thông báo xin phép (request for consent)."
291,single_choice,"Which of the following risk categories deals with stakeholder responsibility in creating and using data-driven technologies?","Explainability|Accountability|Transparency|Understandability","1","Trách nhiệm giải trình (Accountability) liên quan đến trách nhiệm của các bên trong việc phát triển và sử dụng công nghệ."
292,single_choice,"What is the purpose of a holding statement in crisis and media communications?","To order the business to temporarily halt certain operations|To retain the services of specific media outlets|To pre-write communications before they are needed|To prevent personnel from communicating prematurely","2","Tuyên bố giữ chỗ (holding statement) được chuẩn bị sẵn từ trước (pre-write) để dùng ngay lập tức khi khủng hoảng xảy ra."
293,multiple_choice,"Which of the following are challenges that can arise if you fail to communicate about the social impact of ethical risks (select two.)","Decreased corporate revenue|Reduced of brand loyalty|Disenfranchisement|Erosion of rights","2|3","Thiếu truyền thông về tác động xã hội của rủi ro đạo đức có thể dẫn đến việc tước quyền (Disenfranchisement) và làm xói mòn quyền lợi con người (Erosion of rights)."
294,single_choice,"In the context of open data, what is FAIR?","An acronym for findable, accessible, interoperable, and reusable.|An acronym for fundamental artificial intelligence research.|A reference to fair competition, which makes open data possible.|An acronym for finance accoutability intelligence research.","0","FAIR là các tiêu chuẩn của dữ liệu mở: Dễ tìm (Findable), Dễ tiếp cận (Accessible), Tương tác được (Interoperable) và Tái sử dụng được (Reusable)."
295,single_choice,"Which of the following is an adequate definition of a stakeholder?","All internal employees.|All internal employees and external customers.|All people who have an impact or are impacted by the organization.|All people in the company.","2","Các bên liên quan (Stakeholder) là bất kỳ ai có tác động đến hoặc chịu tác động từ tổ chức (impact or are impacted)."
296,single_choice,"The endorsement of which of the following types of stakeholder is most critical when developing mission and vision statements?","Department heads|C-suite executives|Employees|Customers","1","Sự tán thành của Ban giám đốc cấp cao (C-suite executives) là yếu tố quyết định để định hướng và phê duyệt tầm nhìn chiến lược của tổ chức."
297,single_choice,"To uphold transparency and explainability, communication about data-driven technologies should be.....","Clear, concise, and coherent.|Complex, convincing, and contained.|Caring, consistent, and creative.|Long, complex and iterative.","0","Giao tiếp về công nghệ cần phải Rõ ràng (Clear), Súc tích (Concise) và Mạch lạc (Coherent) để đảm bảo tính minh bạch."
298,single_choice,"To measure a predictive model's accuracy, you","divide the number of predictions by the total dataset|measure the ratio of the model's error curve|multiply the number of total predictions by the percentage of correct predictions|divide the number of correct predictions by the total number of predictions","3","Độ chính xác (accuracy) được tính bằng số lượng dự đoán đúng chia cho tổng số lần dự đoán (correct predictions / total predictions)."
299,single_choice,"How are predictive models used in hedge funds?","they predict whether people will be able to pay off loans, and then provide loans|they predict future movement of stocks and find points to exploit the market moving in either direction|they aid researchers by forecasting financial collapse|they provide predictions to shareholders to estimate returns","1","Các quỹ phòng hộ (hedge funds) dùng AI để dự đoán hướng đi của cổ phiếu và tìm các điểm khai thác lợi nhuận (exploit the market)."
300,single_choice,"Once a dataset has been cleaned, which accuracy guideline ensures your model is looking at the problem correctly?","Objective summarization|Domain expertise|Dataset verification|First principles","1","Kiến thức chuyên môn trong ngành (Domain expertise) giúp đảm bảo mô hình đánh giá và giải quyết vấn đề đúng với bối cảnh thực tế."
301,single_choice,"What is the purpose of differential privacy?","To enable parties to share private data without revealing individuals represented in the data.|To remove the direct identifiers that can be used to identify individuals.|To only allow certain parties to access certain portions of the data.|To ensure the data is completely confidential and cannot be read by unauthorized parties.","0","Quyền riêng tư vi sai (Differential privacy) cho phép chia sẻ các xu hướng dữ liệu lớn mà không làm lộ danh tính của bất kỳ cá nhân nào trong đó."
302,single_choice,"If your company need to do the same analysis as new data comes in every month, what is the best term to describe that process?","Pipeline|Workflow|Swimland|Use case","0","Quy trình tự động hóa các bước xử lý, phân tích dữ liệu định kỳ lặp đi lặp lại được gọi là Data Pipeline (Đường ống dữ liệu)."
303,single_choice,"Which of the following describes the black box problem in Al?","It is difficult to understand the nature of data being used to train an Al model.|It is difficult to understand how or why an Al system made a particular decision.|It is difficult to understand the results that come from an Al system.|It is difficult to understand the reports that generate by an Al system.","1","Vấn đề hộp đen là sự khó khăn trong việc lý giải làm thế nào và tại sao AI lại đưa ra một quyết định cụ thể (how or why an AI system made a particular decision)."
304,single_choice,"What is one possible reason a model may predict a higher crime rate based on datasets used?","If drug arrests are historically high in that area, the model may correlate crime with areas of high drug use based on the datasets|If crime is down in an area, a model may predict a parabolic curve which estimates crime is due to rise again|The model's training curve was not provided enough data|If a dataset isn't properly formatted, crime may be linked to the error function, outputting false data","0","Mô hình có thể dự đoán sai lệch tỷ lệ tội phạm do học từ dữ liệu lịch sử thiên lệch, ví dụ: tương quan ảo giữa việc bắt giữ ma túy cao và tổng thể tội phạm."
305,single_choice,"What is non-maleficence?","The principle of doing no harm.|The principle of having no bias.|The principle of having no security risk.|The principle of having security risk.","0","Non-maleficence trong y đức và công nghệ là nguyên tắc 'Không làm hại' (doing no harm) đến con người và xã hội."
306,single_choice,"Why is the question of robot rights and emancipation one that isn't as important as addressing issues of bias, privacy, transparency, and other principles discussed in the various ethical frameworks?","These rights necessitate that robots become sentient entities, which is currently not feasible.|Humans are anthropocentric and don't want to extend rights to other sentient entities.|There is no legal precedent for granting rights to entities that are not humans.|Robots are mechanical instruments and therefore don't deserve to have rights.","0","Vấn đề quyền của robot chưa cấp thiết vì nó đòi hỏi robot phải có tri giác (sentient entities), điều mà công nghệ hiện nay chưa làm được."
307,single_choice,"When your collected data doesn't accurately reflect the full environment, you're experiencing","prejudice bias|observer bias|exclusion bias|sample bias","3","Thiên kiến lấy mẫu (sample bias) xảy ra khi dữ liệu thu thập được không đại diện chính xác cho toàn bộ quần thể (doesn't accurately reflect the full environment)."
308,multiple_choice,"Which of the following are ways that regulations differ from ethical frameworks? (Select two.)","Regulations are often industry led.|Regulations are flexible in their implementation.|Regulations have legal enforcement behind them.|Regulations provide a clear basis for potential litigation.","2|3","Luật định khác với khung đạo đức ở chỗ chúng có tính cưỡng chế pháp lý (legal enforcement) và là cơ sở rõ ràng để khởi kiện (basis for litigation)."
309,single_choice,"What is the purpose of what-if scenario planning sessions?","The purpose of what-if scenario planning sessions is to think critically about the tradeoffs between company values and business needs so you can decide how to proceed.|The purpose of what-if scenario planning sessions is to think critically about the mistakes so you can identify what should do after your company has an ethical violation.|The purpose of what-if scenario planning sessions is to think critically about potential worst-case scenarios so you can decide whether or not to proceed with a project.|The purpose of what-if scenario planning sessions is to think critically about potential best-case scenarios so you can decide whether or not to proceed with a project.","2","Lên kế hoạch kịch bản 'What-if' nhằm rèn luyện tư duy phản biện để chuẩn bị cho các tình huống xấu nhất (worst-case scenarios) trước khi triển khai dự án."
310,single_choice,"Which of the following is an important reason for continually refreshing an organization's internal and external ethics policies?","It helps internal stakeholders justify the release of new product features or service upgrades.|It helps maintain alignment of the policies with the cultural and contextual values of the organization's employees.|It helps maintain alignment with the emergent risks and changing ethical posture of the products and services of the organization.|It helps demonstrate to senior management that work is being done on the internal and external ethics policies.","2","Làm mới chính sách liên tục giúp tổ chức bám sát các rủi ro mới nổi (emergent risks) của sản phẩm và dịch vụ."
311,single_choice,"Which of the following is a reason to periodically update a code of ethics document?","It allows you to capture the evolving nature of the ethical risks of the product or service that you are developing.|It signals that you care about ethics to internal and external stakeholders.|It reinforces the presence of the code of ethics in the minds of the employees.|It is a fiduciary and regulatory responsibility for the organization to do so.","0","Bản chất của rủi ro đạo đức luôn thay đổi, do đó cập nhật định kỳ giúp nắm bắt được tính chất tiến hóa (evolving nature) của những rủi ro đó."
312,single_choice,"In reverse-engineering a double coin flip differential model, what would be the amount of truthful ""yes/no"" responses in our dataset?","75%|25%|100%|50%","1","Trong mô hình quyền riêng tư vi sai dùng tung đồng xu kép (double coin flip), chỉ có 25% câu trả lời được ghi nhận là sự thật tuyệt đối (truthful responses), phần còn lại là nhiễu ngẫu nhiên."
313,single_choice,"During cross-validation, which of the following dataset splits is used to tune the performance of a model?","Training set|Test set|Validation test|Unit test","2","Trong xác thực chéo (cross-validation), Tập kiểm định (Validation set/test) được dùng để tinh chỉnh các siêu tham số và đánh giá hiệu suất mô hình trong lúc huấn luyện."
314,single_choice,"When used in recommendation engines, explainable algorithms can help answer the question of","why?|how?|who?|what?","0","Trong các hệ thống đề xuất (recommendation engines), thuật toán có thể giải thích giúp trả lời câu hỏi 'Tại sao?' (Why?) món đồ này lại được đề xuất cho bạn."
315,single_choice,"Which of the following is a recommended security practice for machine learning datasets?","Ensure your team is full of different perspectives|Enact a sound data governance structure|Perform threat modeling with beneficial algorithms|Create a chain of command","1","Thực hành bảo mật tốt nhất cho dữ liệu học máy là ban hành và thực thi một cấu trúc quản trị dữ liệu vững chắc (sound data governance structure)."
316,multiple_choice,"Which of the following are potential ethical benefits of conducting pilot testing prior to the release of emerging technologies? (Select two.)","It certifies that a product's developers are legally accountable.|It minimizes the impact of any ethical issues which may emerge.|It demonstrates that the system is functional as early as possible in order to satisfy senior management and investor stakeholders.|It reveals any gaps in accountability or auditability.","1|3","Thử nghiệm thí điểm giúp phát hiện các lỗ hổng về trách nhiệm giải trình và giảm thiểu tác động của các vấn đề đạo đức phát sinh."
317,single_choice,"Differential privacy works by adding what to a dataset?","filters|fairness scoring|noise|k-anonymity","2","Quyền riêng tư vi sai (Differential privacy) hoạt động bằng cách thêm 'nhiễu' (noise) ngẫu nhiên vào tập dữ liệu để che giấu danh tính cá nhân."
318,single_choice,"Which of the following describes the technique of homomorphic encryption?","A method of swapping public and private keys between hosts.|A method of cryptography that hides data inside other data.|A method of performing operations on encrypted data.|A method of mitigating biased algorithms through enhanced secrecy.","2","Mã hóa đồng hình (Homomorphic encryption) cho phép máy tính thực hiện các phép toán trực tiếp trên dữ liệu đang bị mã hóa (encrypted data) mà không cần giải mã."
319,single_choice,"Which of the following is a platform that includes hundreds of security exploit tools?","Zenmap|Nmap|Kali Linux|Wireshark","2","Kali Linux là một hệ điều hành mã nguồn mở được thiết kế chuyên biệt cho an ninh mạng, chứa hàng trăm công cụ khai thác và kiểm thử thâm nhập (security exploit tools)."
320,multiple_choice,"Which of the following are fundamental risk management tasks? (Select two.)","Mitigation|Authentication|Compliance|Identification","0|3","Hai nhiệm vụ cơ bản của quy trình quản lý rủi ro là Nhận diện rủi ro (Identification) và Giảm thiểu rủi ro (Mitigation)."
321,single_choice,"Which of the following measures is best suited for reporting results to an audience?","Standard deviation|Variance|Mode|Median","0","Độ lệch chuẩn (Standard deviation) thường được dùng để báo cáo vì nó biểu diễn mức độ phân tán của dữ liệu theo cùng đơn vị đo lường, dễ hiểu cho khán giả."
322,single_choice,"Why is it important to take a proactive approach to addressing liability issues?","The law often lags behind innovation.|The law is not always applied consistently.|The law is not always clear.|The law often difficult to understand.","0","Pháp luật luôn tụt hậu so với sự đổi mới công nghệ (law lags behind innovation), do đó cần chủ động giải quyết trách nhiệm pháp lý trước."
323,single_choice,"When you deliver periodic statements about a crisis to the media, what should the first statement do?","Provide in-depth details about the situation|Survey public opinion of the organization|Set the tone of what is to follow|Accept responsibility for perceived problems","2","Tuyên bố đầu tiên với báo chí có vai trò quyết định trong việc định hình thái độ và không khí (Set the tone) cho toàn bộ quá trình xử lý khủng hoảng."
324,multiple_choice,"Which of the following are pitfalls in communicating risks to the organization? (select two.)","Having a disjoined message.|Following up messaging with an audience.|Not paying attention to the flow of messaging.|Coordinating a message between departments.","0|2","Tránh việc gửi thông điệp rời rạc, không đồng nhất (disjoined message) và không chú ý đến luồng truyền thông (flow of messaging) gây nhiễu loạn nội bộ."
325,single_choice,"Which of the following describes the purpose of a business impact assessment (BIA)?","It helps you predict business interruptions and develop recovery strategies.|It helps you identify what risks you can accept or transfer to third party.|It help you evaluate how a product or service could fail to apply ethical values to a society.|It helps you identify what risks you can accept or transfer to your customers.","2","Trong bối cảnh rủi ro đạo đức, Đánh giá tác động kinh doanh (BIA) còn dùng để đánh giá xem một sản phẩm có thể thất bại trong việc áp dụng các giá trị đạo đức đối với xã hội như thế nào."
326,single_choice,"What is a likely outcome for a weather app using a learning algorithm to figure out where to put their future weather stations?","Accessing weather forecasts from local broadcasts|Storing data in an AWS instance with all weather stations in the country|Collecting weather data every time the app is opened, knowing the temperature where the app is being used|Collecting location data every time the app is opened, potentially learning where a user lives, works, etc.","3","Một hệ quả tiềm ẩn về quyền riêng tư là ứng dụng sẽ liên tục thu thập vị trí người dùng (Collecting location data), từ đó vô tình biết được nơi ở, nơi làm việc của họ."
327,single_choice,"Which of the following best describes what an algorithm is?","a recipe that a computer uses to solve problems|a type of process a human uses to write down what steps need to happen to get a problem solved|a type of computer that calculates problem-solving methods|a list of ingredients a computer uses to generate problems to solve","0","Thuật toán (algorithm) về cơ bản giống như một 'công thức' (recipe) chứa các bước tuần tự mà máy tính làm theo để giải quyết một vấn đề."
328,single_choice,"An algorithm that takes an input, tries 10 different sorting techniques, and uses the best fit on the next 100 inputs is best described as a","implicit algorithm|data algorithm|learning algorithm|explicit algorithm","2","Một thuật toán có khả năng thử các phương pháp, tự đánh giá và chọn ra cách tốt nhất (uses the best fit) cho các input sau được gọi là thuật toán học máy (learning algorithm)."
329,single_choice,"When building a predictive model, what is the goal of the deployment phase?","To plug in 40% of your dataset, testing the model's accuracy|To use the model in real-life predictions, monitoring the error rate and accuracy|To get the model to accept new inputs, train, and repeat training until it finds a better curve|To specify the type of algorithm the model should use and make sure the data is cleaned/formatted","1","Mục tiêu của giai đoạn triển khai (deployment) là đưa mô hình vào sử dụng thực tế và liên tục giám sát tỷ lệ lỗi cũng như độ chính xác."
330,multiple_choice,"Which of the following are examples of how Al can limit human autonomy? (Select two.)","Weapon systems can limit human autonomy as humans may not have decision-making capability or understand the decision making.|Al systems might impact certain vulnerable groups such as the elderly and children differently than the rest of the population, which could limit those groups' autonomy.|Al systems can assist individuals with automated, repetitive, or dangerous tasks.|Al systems can perform tasks that humans cannot, such as processing millions of data records in a matter of seconds.","0|1","AI hạn chế quyền tự chủ của con người khi tự động hóa vũ khí mà không có quyết định của con người, và khi nó gây ra các tác động bất lợi cho các nhóm yếu thế."
331,single_choice,"An unintended negative outcome of programming a broad goal into general intelligence is known as","an enduring output|artificial sanctification|perverse instantiation|an ethical dilemma","2","Hậu quả tiêu cực ngoài ý muốn khi một AI tổng quát hoàn thành mục tiêu bằng một cách thức sai lệch/có hại được gọi là 'Sự hiện thực hóa đồi bại' (perverse instantiation)."
332,single_choice,"If you are doing an analysis of data to determine which of several small businesses you should purchase to gain the maximum benefit to your overall company finances, what type of analysis are you doing?","Descriptive|Prescriptive|Predictive|Cumulative","1","Phân tích đề xuất (Prescriptive analysis) là phương pháp dùng dữ liệu để đưa ra quyết định hành động tối ưu nhất (nên mua công ty nào để tối đa hóa lợi ích)."
333,single_choice,"Which subset of transparency involves describing the system to a non-expert?","Explainability|Interpretability|Auditability|Useability","0","Khả năng giải thích (Explainability) tập trung vào việc mô tả và lý giải cách hệ thống hoạt động cho những người không có chuyên môn kỹ thuật (non-expert)."
334,single_choice,"Fairness in machine learning can protect groups from bias, but can still harm","training datasets|researchers|future models|individuals within those groups","3","Tính công bằng trong học máy thường tập trung vào nhóm, do đó dù nhóm được bảo vệ khỏi thiên kiến, một cá nhân cụ thể (individuals within those groups) vẫn có thể bị đánh giá sai."
335,single_choice,"How can the human resources department help build an ethical organizational culture?","Hiring candidates based on their technical skills.|Hiring candidates based on their culture fit.|Hiring candidates based on their leadership skills.|Hiring candidates based on their soft skills.","1","Phòng Nhân sự có thể xây dựng văn hóa đạo đức bằng cách tuyển dụng các ứng viên có sự phù hợp về văn hóa và giá trị đạo đức với công ty (culture fit)."
336,single_choice,"Why is fair competition an important ethical consideration for data-driven technology businesses?","Fair competition prevents predatory pricing.|Fair competition builds user trust in technology as a whole.|Fair competition provides products choice to users.|Fair competition provides service choice to users.","1","Cạnh tranh công bằng ngăn chặn độc quyền lũng đoạn dữ liệu, từ đó giúp xây dựng niềm tin của người dùng đối với toàn bộ hệ sinh thái công nghệ (builds user trust in technology as a whole)."
337,single_choice,"Which of the following is a potential benefit of having an ethical organizational culture?","More employees are likely to switch careers.|Employees will feel a sense of responsibility and loyalty.|Employees are more likely to listen to their superiors.|The company will get an increase in stock value.","1","Văn hóa đạo đức tốt giúp nhân viên cảm thấy có trách nhiệm và trung thành hơn với tổ chức (sense of responsibility and loyalty)."
338,single_choice,"What is the function of a red team in a penetration testing exercise?","To conduct the simulated attacks.|To defend against the simulated attacks.|To officiate the simulated attacks.|To disable the attacks.","0","Đội Đỏ (Red team) đóng vai trò là những hacker mũ trắng thực hiện các cuộc tấn công mô phỏng để kiểm tra hệ thống."
339,multiple_choice,"Which of the following are objectives of a forensic analysis? (select two.)","To inform stakeholders that an incident has occurred.|To determine what occurred in an incident.|To identify who or what is responsible for an incident.|To mitigate the effects of an incident.","1|2","Phân tích pháp y kỹ thuật số (Forensic analysis) nhằm xác định chuyện gì đã xảy ra (what occurred) và ai/cái gì là thủ phạm gây ra sự cố (who or what is responsible)."
340,single_choice,"The explainable Al movement states that cooperation between agents, in this case, algorithms and humans, depends on which of the following?","trust|human rights|competition|privacy","0","Trọng tâm của phong trào 'AI có thể giải thích' là xây dựng niềm tin (trust) giữa con người và thuật toán thông qua tính minh bạch."
341,multiple_choice,"Which of the following benefits can be gained from establishing baseline system behaviors? (Select two.)","Tracking deviance from norms|Optimizing costs of operation|Restoring compromised functionality through a system rollback|Holding employees more accountable","0|2","Việc thiết lập hành vi hệ thống cơ sở giúp theo dõi sự sai lệch (Tracking deviance) và làm chuẩn để khôi phục hệ thống khi có sự cố (system rollback)."
342,single_choice,"One benefit of an explainable model is","privacy is preserved|recruiting leverage|less competition|the model is more accurate","1","Khả năng giải thích có thể tạo ra 'đòn bẩy tuyển dụng' (recruiting leverage) vì nhân tài muốn làm việc cho các tổ chức minh bạch và có trách nhiệm."
343,multiple_choice,"Which of the following elements might be considered moderately affected in an Impact Level 2 Algorithmic Impact Assessment? (Select two.)","A loss of life resulting from specific circumstances.|A brief delay in the conveyance of a commercial transaction.|The rights of individuals or communities.|The health and well-being of individuals or communities.","2|3","Trong Đánh giá Tác động Mức 2, rủi ro lên Quyền cá nhân (Rights) và Sức khỏe/Phúc lợi (Health and well-being) của cộng đồng ở mức độ vừa phải."
344,single_choice,"Which type of kurtosis is most likely to indicate the strong presence of outliers?","Mesokurtic|Leptokurtic|Platykurtic|Repokurtic","1","Phân phối 'Leptokurtic' (đỉnh nhọn) có phần đuôi dày hơn phân phối chuẩn, chứng tỏ có sự xuất hiện rất mạnh của các giá trị ngoại lệ (outliers)."
345,single_choice,"Which of the following describes the purpose of SIEM?","To launch simulated attacks on systems and networks.|To access and assign severity scores to flaws in software or hardware.|To aggregate alerts from disparate sources into a single analysis platform.|To protect the confidentiality and integrity of data as it is transmitted over a network.","2","Hệ thống SIEM làm nhiệm vụ thu thập và tổng hợp cảnh báo từ nhiều nguồn khác nhau vào một nền tảng phân tích duy nhất (aggregate alerts... into a single analysis platform)."
346,single_choice,"If a coin is flipped, which of the following would ensure ""yes/no"" data is private while still remaining useful?","heads for yes, tails for no|heads for fake answer, tails for true answer|heads for true answer, tails for random answer|heads for random answer, tails for yes","2","Kỹ thuật tung đồng xu (randomized response) bảo vệ quyền riêng tư bằng quy tắc: ngửa thì khai thật (true answer), sấp thì khai ngẫu nhiên (random answer) để tạo nhiễu."
347,single_choice,"Why is suspicion a pitfall in communicating ethical risks to society?","Suspicion involves fear of some technology that is not completely known.|Suspicion leads to aggressive rejection of a technology.|Suspicion makes it impossible to convince people of the benefits of technology.|Suspicion leads to use technologies ineffective.","1","Sự hoài nghi (suspicion) của xã hội dễ dẫn đến việc công chúng tẩy chay và từ chối ứng dụng công nghệ một cách quyết liệt (aggressive rejection)."
348,multiple_choice,"Which of the following are important to provide to a crisis communication team? (Select two.)","Clear direction on the roles and responsibilities of team members|Permission to tell the public what they want to hear|The ability to work independently of the crisis management team|Access to adequate resources","0|3","Nhóm truyền thông khủng hoảng cần được định hướng vai trò rõ ràng và cấp quyền truy cập đầy đủ các nguồn lực cần thiết."
349,single_choice,"Which of the following can help mitigate unwillingness to accept feedback?","Engage in cultural awareness and cultural sensitivity.|Create and participate in a risk culture.|Communicate the importance of feedback in refining a product.|Communicate regularly about the culture values.","2","Để tránh tâm lý cự tuyệt phản hồi, cần truyền đạt rõ ràng rằng phản hồi là tài nguyên vô giá để cải thiện sản phẩm (importance of feedback in refining a product)."
350,single_choice,"What is ambient intelligence?","Linked IOT technology that collects and stores data about a home or office environment.|Linked IOT technology that conducts covert surveillance for the government on the people within its environment.|Linked IOT technology that always on and acting to personalize the experience for the people within its environment.|Linked IOT technology that collects and stores data about campus environment.","2","Trí tuệ môi trường (ambient intelligence) là mạng lưới thiết bị IoT luôn bật, theo dõi và hành động để cá nhân hóa trải nghiệm người dùng trong không gian sống/làm việc."
351,single_choice,"You have collected social media posts with a specific hashtag for an analysis of the words used in the post. What kind of data is that?","Unstructured|Structured|Semi-Structured|Data Structured","0","Các bài đăng trên mạng xã hội chứa văn bản tự do, không có cấu trúc định sẵn, do đó được phân loại là dữ liệu phi cấu trúc (Unstructured data)."
352,single_choice,"When building a predictive model, what is the goal of the training phase?","To specify the type of algorithm the model should use and make sure the data is cleaned/formatted|To adjust the model based on a subset of data, optimizing for a lower error rate|To use the model in real-world scenarios, monitoring performance|To adjust training methods from backpropagation to supervised learning to see how that affects outputs","1","Mục tiêu của huấn luyện mô hình là tối ưu hóa trọng số để đạt tỷ lệ lỗi thấp hơn (lower error rate) trên một tập dữ liệu con."
353,single_choice,"Which type of fairness would make sense when dividing tickets evenly between groups?","equality of false positives|error rate parity|statistical parity|equality of prediction rate","2","Parity thống kê (Statistical parity / Demographic parity) là nguyên tắc công bằng yêu cầu chia đều lợi ích cho các nhóm nhân khẩu học với tỷ lệ ngang nhau."
354,single_choice,"An unfair model will by nature","optimize for making the fewest decisions|try to balance groups automatically|optimize for making the most errors|optimize for making the fewest mistakes","3","Các thuật toán học máy vốn dĩ chỉ quan tâm đến việc tối ưu hóa tỷ lệ lỗi thấp nhất (fewest mistakes) trên diện rộng, điều này tự nhiên dẫn đến việc bỏ qua lợi ích của các nhóm thiểu số (unfair)."
355,single_choice,"What does the American Medical Association (AMA) say the ""A"" in Al should stand for?","Amplified|Augmented|Artificial|Auditability","1","AMA đề xuất thay thế 'Artificial' (Nhân tạo) bằng 'Augmented' (Tăng cường) để nhấn mạnh AI là công cụ hỗ trợ chứ không thay thế bác sĩ."
356,single_choice,"Why is it impractical to protect all possible subgroups in predictive models?","Accuracy will be lowered beyond a reasonable rate|Fairness scores won't be high enough to be reasonable|Individuals do not need protection from predictive models|There won't be enough data to reflect each subgroup","0","Nếu cố gắng chia nhỏ để bảo vệ tuyệt đối tất cả các nhóm nhỏ (subgroups), dữ liệu sẽ bị loãng và độ chính xác của mô hình sẽ giảm sút nghiêm trọng (Accuracy will be lowered beyond a reasonable rate)."
357,single_choice,"An ethical impact assessment is","Focused on the impact of past ethical risks.|Focused on preventing future problems.|Focused on identifying the causes of past errors.|Focused on identifying the causes of future errors.","1","Đánh giá tác động đạo đức là quy trình mang tính chủ động, tập trung vào việc nhận diện và ngăn chặn các vấn đề đạo đức có thể xảy ra trong tương lai (preventing future problems)."
358,single_choice,"Which of the following is a benefit of using focus groups over surveys?","They can provide more data through structured information gathering.|They are a more scalable option for the collection of information.|They are an easier way to collect information from a target audience.|They allow for deeper engagement with the target demographic community.","3","Nhóm tập trung (focus groups) giúp tổ chức tương tác và đào sâu tâm lý, suy nghĩ của cộng đồng mục tiêu (deeper engagement) tốt hơn khảo sát tĩnh."
359,single_choice,"Which approach to corporate governance is more likely to create an ethical organizational culture?","A systemic approach with incentive systems.|An oversight committee focus on rules.|A board focused on legal and regulatory compliance.|An oversight committee focus on frameworks.","0","Phương pháp tiếp cận có hệ thống kết hợp với hệ thống khen thưởng (incentive systems) sẽ định hình hành vi nhân viên theo chuẩn mực đạo đức tốt hơn."
360,single_choice,"What kind of shape does a normal distribution take on when plotted in histogram?","Tail shape|Square shape|Bell shape|Tree shape","1","Phân phối chuẩn (normal distribution) luôn hiển thị dạng Hình quả chuông (Bell shape) cân xứng trên biểu đồ tần suất (histogram)."
361,single_choice,"Delete unused data is a method of data minimization","early and often|before threat modeling|after fairness preparations|before modeling","0","Xóa dữ liệu không sử dụng (Delete unused data) nên được thực hiện như một nguyên tắc làm sớm và thường xuyên (early and often) để tối thiểu hóa rủi ro dữ liệu."
362,single_choice,"K-anonymity in a dataset is achieved when each individual cannot be","distinguished from at least K individuals who are also in the dataset|reidentified in K datasets|hidden from a quasi-identifier column as long as K individuals belong|harmed from datasets with K individuals belonging to the sensitive class","0","Ẩn danh K (K-anonymity) là kỹ thuật đảm bảo thông tin của một người sẽ trùng lặp và không thể phân biệt được với ít nhất K-1 người khác trong cùng tập dữ liệu."
363,single_choice,"When it comes to protecting private data, which of the following could be the root cause of a problem?","The data was stored insecurely.|The data was leaked online.|The data was deleted from storage.|The data was broken.","0","Lưu trữ dữ liệu không an toàn (stored insecurely) thường là nguyên nhân gốc rễ dẫn đến các vụ rò rỉ hoặc đánh cắp quyền riêng tư."
364,single_choice,"Which of the following is an adequate definition of a stakeholder?","All internal employees.|All internal employees and external customers.|All people who have an impact or are impacted by the organization.|All people in the company.","2","Stakeholder là bất kỳ bên nào có khả năng tác động đến, hoặc chịu tác động từ các hoạt động của tổ chức."
365,single_choice,"In 2019, % of equity-futures and cash-equity trades were executed by algorithms","1-5% Β. 80-90%|20-30%|11-17%","1","Đến năm 2019, khoảng 80-90% các giao dịch hợp đồng tương lai và cổ phiếu tiền mặt tại thị trường tài chính đã được thực hiện bằng thuật toán (algorithmic trading)."
366,single_choice,"How do anonymized datasets fall short of their goal of being anonymous?","Anonymized datasets can be re-identifyed by anyone holding the hash key|Anonymized datasets aren't actually anonymous because many of the data fields can identify a user|Anonymized datasets can be traced back to the individuals by looking at their browsing history in the app|Anonymized datasets can be combined with other datasets, which can re-identify individuals","3","Dữ liệu ẩn danh có thể bị bẻ khóa bằng cách liên kết đối chiếu với các nguồn dữ liệu bên ngoài để tái định danh cá nhân (re-identify individuals)."
367,single_choice,"Which of the following describes the black box problem in Al?","It is difficult to understand the nature of data being used to train an Al model.|It is difficult to understand how or why an Al system made a particular decision.|It is difficult to understand the results that come from an Al system.|It is difficult to understand the reports that generate by an Al system.","1","Rủi ro hộp đen là sự thiếu minh bạch: con người không thể giải mã quá trình AI tư duy để đưa ra một quyết định cụ thể (how or why)."
368,single_choice,"What is the black box problem?","When a model is deployed, but researchers are unable to figure out why it's making decisions|The problem created when researchers don't create accurate attributes for a model|The issue of not having enough data to accurately train a model|When a model cannot accurately judge shape or color of objects due to missing data","0","Cùng định nghĩa trên, các nhà nghiên cứu không thể xác định cấu trúc logic bên trong dẫn đến kết quả quyết định của mô hình."
369,single_choice,"When building a predictive model, what is the goal of the develop phase?","To plug in 40% of your dataset, testing the model's accuracy|To get the model's error function below an acceptable percentage|To specify the type of algorithm the model should use and make sure the data is cleaned/formatted|To get the model to accept new inputs, train, and repeat training until it finds a better curve","2","Giai đoạn phát triển (develop phase) tập trung vào chọn thuật toán phù hợp và tiền xử lý, làm sạch dữ liệu."
370,multiple_choice,"Which of the following describe how adopting ethical practices can be a strategic differentiator? (Select three.)","It will build customer trust.|It will support the development of strategic partnerships.|It will ensure you comply with regulations.|It will encourage applicants to apply for your company.","0|1|3","Thực hành đạo đức tạo ra lợi thế chiến lược bằng cách xây dựng niềm tin, thu hút nhân tài và thúc đẩy quan hệ đối tác."
371,multiple_choice,"What does it mean to say that human rights are inalienable? (Select two.)","Inalienable rights are conditional.|Inalienable rights are inherent in all human beings.|Inalienable rights cannot be taken away except in extreme circumstances.|Inalienable rights are derived from tradition.","1|2","Quyền bất khả xâm phạm (inalienable rights) là các quyền tự nhiên vốn có của con người và không thể bị tước đoạt một cách tùy tiện."
372,single_choice,"How is a Machine Learning (ML) system different from Deep Learning (DL) system?","A ML system learns from its mistakes.|A ML system does all of the feature extraction and classification.|A ML system needs a human to provide the feature extraction.|A ML system does not needs input data.","2","Machine Learning truyền thống cần con người phải thủ công trích xuất đặc trưng (feature extraction) của dữ liệu, trong khi Deep Learning tự động làm việc đó thông qua các lớp nơ-ron."
373,single_choice,"Which of the following is a good example of a feedback loop in machine learning?","A shopping app surfaces new items to buy, which is based on dataset from customers fitting a similar profile. When you buy, you go into that dataset|A shopping app tracks your purchases, and recommends new things to buy|A social media site tracks engagement, uses an algorithm to surface posts you're likely to engage with, which then goes back into the algorithm|A social media site surfaces controversial posts, which make users more angry and lead to more angry posts on the network","2","Vòng lặp phản hồi (feedback loop) xảy ra khi đầu ra của thuật toán tác động đến người dùng, và hành vi của người dùng lại trở thành dữ liệu huấn luyện cho chính thuật toán đó."
374,single_choice,"Dating algorithms become biased mostly through offering users","collaborative filtering|access to separate data models|different ways to match with users|unlimited matches per day","0","Các ứng dụng hẹn hò sinh ra thiên kiến chủ yếu qua tính năng lọc cộng tác (collaborative filtering), khi thuật toán giới hạn gợi ý dựa trên sở thích lịch sử thay vì mở rộng sự đa dạng."
375,single_choice,"How could a board of ethics be an example of ethic washing?","If it has a wide variety of stakeholders.|If it has a narrow list of values to guide its decisions.|If it has no power to institute change.|If it has a large number of stakeholders.","2","Một hội đồng đạo đức chỉ là hình thức 'tẩy trắng đạo đức' (ethic washing) nếu nó chỉ được lập ra để phô trương mà không hề có thực quyền để thay đổi các hoạt động của công ty (no power to institute change)."
376,single_choice,"What does a leadership champion do?","Make decisions based on company values even in the face of adversity.|Make decisions based on their personal opinions.|Make decisions based on their popularity.|Make decisions based on the brand name of the company.","0","'Người tiên phong' trong ban lãnh đạo là người kiên định đưa ra các quyết định tuân thủ giá trị cốt lõi của công ty, ngay cả khi gặp bất lợi về kinh tế hay khó khăn (even in the face of adversity)."
377,single_choice,"Which of the following describes the purpose of having an Ethics Board for a data-driven organization?","An Ethics Board can help maintain an organization's values-based intentions and increase transparency into how they use data-driven technologies.|An Ethics Board can help maintain an organization's values-based intentions and decrease the inherent dangers of autonomous technologies.|An Ethics Board can help maintain an organization's profit margins and increase transparency into how they increase their profits.|An Ethics Board can increase transparency into how the organization uses Al or autonomous technologies.","0","Hội đồng Đạo đức đóng vai trò duy trì các giá trị cốt lõi và tăng cường tính minh bạch của việc dùng công nghệ thu thập dữ liệu."
378,single_choice,"Which of the following describes change management?","A collective term used to describe how employees are able to voice their concerns to facilitate change in their organization.|A collective term for all approaches to prepare, support, and help individuals, teams, and organizations in fostering an ethical organizational culture.|A collective term for all approaches to prepare, support, and help individuals, teams, and organizations in making organizational change.|A collective term used to explain how organizations facilitate change in a product after receiving negative feedback.","2","Quản lý sự thay đổi bao gồm mọi phương pháp hỗ trợ con người và hệ thống chuyển đổi từ trạng thái hiện tại sang quy trình/văn hóa mới."
379,single_choice,"Why is accountability an important principle to include in governance structures for data-driven technologies?","Accountability in governance structures encourages all employees to feel responsible for building trustworthy systems.|Accountability in governance structures encourages employees to put business needs first.|Accountability in governance structures encourages management to hold employees accountable for their actions.|Accountability in governance structures encourages some key employees to put business needs first.","0","Nguyên tắc Trách nhiệm giải trình (Accountability) giúp toàn bộ nhân viên nhận thức rõ ràng trách nhiệm của mình trong việc thiết kế hệ thống đáng tin cậy."
380,single_choice,"Which of the following describes the purpose of having an Ethics Board for a data-driven organization?","An Ethics Board can help maintain an organization's values-based intentions and increase transparency into how they use data-driven technologies.|An Ethics Board can help maintain an organization's values-based intentions and decrease the inherent dangers of autonomous technologies.|An Ethics Board can help maintain an organization's profit margins and increase transparency into how they increase their profits.|An Ethics Board can increase transparency into how the organization uses Al or autonomous technologies.","0","Hội đồng Đạo đức đóng vai trò duy trì các giá trị cốt lõi và tăng cường tính minh bạch của việc dùng công nghệ thu thập dữ liệu."
